,Headline,Positive,Negative,Neutral
0,"Consolidated operating profit excluding one-off items was EUR 30.6 mn , up from EUR 29.6 mn a year earlier ",0.9547528028488159,0.025326842442154884,0.01992027834057808
1,The exercise originated in Finland in the early 1930s as a training method for cross-country skiers ,0.04881485179066658,0.030293237417936325,0.9208919405937195
2,In July it and Quadriga Capital sold their Lewa GmbH pump-making business to Japan 's Nikkiso Co. ,0.025457914918661118,0.030667075887322426,0.9438750147819519
3,Both Mr Walden and Mr Ignatius will be responsible also for the newspapers ' business result ,0.029800958931446075,0.016244987025856972,0.9539540410041809
4,"One price category is for calls on the preferred operator 's network , and another for calls on other operators ' networks ",0.025236275047063828,0.023592494428157806,0.9511712193489075
5,From Merisatama to the far corners of the world Asfaltti Osakeyhti+?Lemmink+駃nen was established in 1910 by a group of master builders in Helsinki as a specialist business and subcontractor ,0.06489019840955734,0.012607714161276817,0.9225021600723267
6,"The record date for dividend distribution is March 14 , 2008 ",0.016792001202702522,0.03797395899891853,0.9452340602874756
7,"Sales came in at 241 mln eur , compared with 211.4 mln , and also beating consensus forecasts of 235 mln eur ",0.9524025917053223,0.028903989121317863,0.01869334653019905
8,"The company 's set of services include digital printing , printing preparation , offset-printing , after-treatment services and send out services ",0.03525594249367714,0.01392331626266241,0.9508206844329834
9,"It comes complete with an LCD touch screen system for selection of your chosen function and prices start at around the pounds 4,805 mark ",0.04298633337020874,0.014384066686034203,0.9426296353340149
10,The estimated annual value of the frame agreement is about EUR 50mn ,0.04478568583726883,0.013818584382534027,0.9413957595825195
11,The Financial Statements and Interim Reports will be released around at 9.00 a.m. ( Finnish time ) on the given dates ,0.01653212308883667,0.03549015894532204,0.9479776620864868
12,"The fair value of the property portfolio doubled as a result of the Kapiteeli acquisition and totalled EUR 2,686.2 1,259.7 million ",0.9045897126197815,0.009817571379244328,0.08559271693229675
13,"According to HK Ruokatalo , almost all the meat used by the company comes from Finland ",0.03512226790189743,0.020279385149478912,0.944598376750946
14,"In January-September 2010 , Fiskars ' net profit went up by 14 % year-on-year to EUR 65.4 million and net sales to EUR 525.3 million from EUR 487.7 million ",0.9520301222801208,0.02221941202878952,0.025750406086444855
15,15 December 2010 - Finnish-German telecoms equipment maker Nokia Siemens Networks said today it won a contract to upgrade the radio network of home-based telecommunications company Elisa Oyj HEL : ELI1V ,0.9492286443710327,0.015430962666869164,0.03534039109945297
16,"The new Kroksberg railway tunnel will be built on a new section of track between Harnosand and Veda , forming part of the line that follows the coast of the Gulf of Bothnia ",0.2169545441865921,0.007893131114542484,0.775152325630188
17,Most of the dividend will go to the Grimaldi family ,0.025445248931646347,0.019039731472730637,0.9555150270462036
18,The diluted loss per share narrowed to EUR 0.27 from EUR 0.86 ,0.9339892864227295,0.0470639131963253,0.018946804106235504
19,"Componenta is a metal sector company with international operations and production plants located in Finland , the Netherlands , Sweden and Turkey ",0.04426831007003784,0.01581382378935814,0.9399178624153137
20,"The company said that currently the French distribution unit Ragot is located in Loudeac , Normandy , the distribution unit Waterqueen and line supplier Tortue in Saint Marcel in mid-France and the hook manufacturing unit VMC and hook distribution unit VMC Europe in Morvillars ",0.023381493985652924,0.023583505302667618,0.9530349373817444
21,Operating profit for continuing operations fell to EUR 48.3 mn from EUR 72.4 mn in the first half of 2007 ,0.008436387404799461,0.976243793964386,0.015319835394620895
22,Finnair 's total traffic decreased by 8.7 % in terms of revenue passenger kilometres ,0.007644695229828358,0.9755434989929199,0.016811737790703773
23,"The subsidiary will be responsible for filter sales , local assembly of filters and after market services in China ",0.03353995829820633,0.014695092104375362,0.9517649412155151
24,"The contract includes design , construction , delivery of equipment , installation and commissioning ",0.030660828575491905,0.019546231254935265,0.9497929215431213
25,"The Stena Poseidon is a so-called Panamax tanker , designed to be able to pass through the narrow passages in the Panama Canal 's locks ",0.22036424279212952,0.008258229121565819,0.7713775038719177
26,An earn-out payment of up to 4.0 mln euro ( $ 5.3 mln ) can also be paid depending on Intellibis financial performance in 2007 ,0.06227085366845131,0.014889970421791077,0.9228391647338867
27,"CapMan Plc Press Release 31 March 2008 Jukka Ruuska , President of the OMX Nordic Exchanges and the Stockholm Stock Exchange , will transfer to CapMan effective no later than September 2008 ",0.020638279616832733,0.033721666783094406,0.9456400275230408
28,"Operating profit was EUR 24.5 mn , up from EUR 23.0 mn ",0.9557293057441711,0.023486677557229996,0.020783986896276474
29,"During the strike , Finnair estimates to incur a net loss of between EUR2m and EUR2 .5 m per day ",0.015793152153491974,0.960527241230011,0.023679621517658234
30,"Aldata Solution , a global company engaged in supplier to consumer business process optimization , has announced the details of its Dollars for Dinosaurs program ",0.1799154281616211,0.008433783426880836,0.8116508722305298
31,Rental of building equipment accounted for 88 percent of the operating income ,0.03898795321583748,0.02466735430061817,0.9363446831703186
32,"`` The biggest challenge was to make the piece look raw , '' Hansen said ",0.0881175845861435,0.03337922319769859,0.878503143787384
33,"Operating loss before non-recurring items was EUR 0.9 mn , compared to a profit of EUR 11.5 mn in 2008 ",0.019552120938897133,0.9722784161567688,0.008169585838913918
34,Net sales increased to EUR655m in April to June 2010 from EUR438m a year earlier ,0.946185290813446,0.02736612968146801,0.026448650285601616
35,Sales in Finland rose by 3.9 % and international growth was 0.7 % ,0.9585751295089722,0.016802150756120682,0.02462267130613327
36,"Simultaneously , his responsibility area is extended from legal affairs to cover also mergers and acquisitions ",0.09017885476350784,0.010667845606803894,0.8991532325744629
37,The financial details of the acquisition were not disclosed ,0.020222818478941917,0.030439475551247597,0.9493377208709717
38,The company 's model is based on developer contracting construction projects and customer focused project management ,0.05447777733206749,0.011234691366553307,0.9342875480651855
39,The cranes would be installed onboard two freighters ordered by Singaporean ship owner Masterbulk ,0.174083411693573,0.008743759244680405,0.8171727657318115
40,The name of the newspaper publishing and printing division Sanoma will be changed to Sanoma News ,0.030822208151221275,0.021048177033662796,0.9481295943260193
41,"Digia said its consolidated net sales for January-June 2010 were EUR67 .8 m , up 9.7 % on the same period in 2009 ( EUR61 .9 m ) ",0.9580290913581848,0.022989658638834953,0.01898125931620598
42,"For example , net sales increased by 5.9 % from the first quarter , and EBITDA increased from a negative EUR 0.2 mn in the first quarter of 2009 ",0.9572121500968933,0.019710598513484,0.023077325895428658
43,"( ADP News ) - Feb 9 , 2009 - Finnish computer services company Proha Oyj ( HEL : ART1V ) said today its net loss narrowed to EUR 113,000 ( USD 146,000 ) for 2008 from EUR 1.2 million for 2007 ",0.9345430731773376,0.043359458446502686,0.02209758199751377
44,The company expects meat purchases to remain at about 8mn kilos in 2011 ,0.07910696417093277,0.015825526788830757,0.905067503452301
45,"Price talk is in the mid-market swaps plus 105 bps area and the leads are Barclays , BNPP , UBS and CBA ",0.05590103939175606,0.0150990579277277,0.9289999008178711
46,Nokia Messaging 1.1 enables customers to receive e-mails from up to 10 e-mail accounts on their mobile phone supporting all POP or IMAP e-mail services ,0.1047559306025505,0.009983619675040245,0.8852604627609253
47,Production is scheduled to start by the end of April 2007 ,0.04991386458277702,0.015380993485450745,0.9347051978111267
48,"ADPnews - Dec 23 , 2009 - Norwegian financial services group SpareBank 1 Gruppen AS OSL : SBGRP said its board of directors appointed today Jarle Haug managing director of its claims collection subsidiary SpareBank 1 Gruppen Finan",0.037583719938993454,0.032432008534669876,0.9299842715263367
49,No decision on such sale of the now issued or existing treasury shares to YA Global has been made yet ,0.025210462510585785,0.02027111127972603,0.9545184373855591
50,Operating profit fell from EUR 7.9 mn in the second quarter of 2005 to EUR 5.1 mn in the second quarter of 2006 ,0.006984005682170391,0.9759389162063599,0.017077168449759483
51,It will also strengthen Ruukki 's offshore business ,0.9301526546478271,0.007546986453235149,0.06230027228593826
52,"Production levels have been agreed with producers a long time ago , so a fall in consumption will lead to losses ",0.014038899913430214,0.9654778242111206,0.020483264699578285
53,"Finnish Kemira Group 's CEO , Lasse Kurkilahti , says the Group 's structural reorganisation will continue for at least a year ",0.04576601833105087,0.0774005576968193,0.8768334984779358
54,"The Samsung Mobile Applications Store was launched in January 2009 by Samsung Mobile Innovator , a program which enables mobile software developers to create applications for use across Samsung mobile devices ",0.18934974074363708,0.00818116869777441,0.8024690747261047
55,Terms of the acquisition were not disclosed ,0.021360300481319427,0.029315324500203133,0.949324369430542
56,"The price of the 10,000 kroon par value bonds was 9663,51 kroons in the primary issue ",0.02032713033258915,0.029301023110747337,0.9503718018531799
57,Changes to the as-built models from the design were communicated to the subcontractors to accommodate them into the steel and GRC glass reinforced concrete fabrication process ,0.16928499937057495,0.009240717627108097,0.8214743137359619
58,ND = Not disclosed ,0.024005167186260223,0.09469775855541229,0.8812969923019409
59,"LCS 's services cover the whole life cycle of software and information systems , from process modelling and tailored software development , to hosting services , solution management , maintenance and support ",0.0318891666829586,0.017994513735175133,0.9501162767410278
60,`` I am extremely delighted with this project and the continuation of cooperation with Viking Line ,0.895615816116333,0.010583526454865932,0.09380071610212326
61,"The 3C Expo is a signature show in Dongguan , which is supported by the Dongguan Municipal Government every year , featuring computer accessories , software , communication and network products ",0.09394510090351105,0.01129001285880804,0.8947649002075195
62,"The total investment necessary will be EUR40m , the company estimated ",0.06786154210567474,0.009404008276760578,0.9227343797683716
63,Return on capital employed rose by 4.8 percentage points to 19.6 % ,0.9533164501190186,0.02083006128668785,0.02585349604487419
64,The full-function PC weighs 1.25 kilograms and measures slightly more than two centimeters thin ,0.04282892122864723,0.022487035021185875,0.9346840381622314
65,"CapMan 's first real estate fund , which had a total investment capacity of ( EURO ) 500 million and closed in June 2005 , invested in commercial properties in the Helsinki metropolitan area ",0.050765302032232285,0.013097932562232018,0.9361367225646973
66,"Honkarakenne also decided yesterday to sell 88,500 of its B series shares to key staff members for EUR2 .9 per share ",0.05821133777499199,0.013428977690637112,0.9283596873283386
67,A paper mill in the central Maine town of Madison soon will have a new owner ,0.16223803162574768,0.008357706479728222,0.8294042348861694
68,"The major breweries increased their domestic beer sales by 4.5 per cent last year , to 256.88 million litres from 245.92 million litres in 2004 ",0.9501953721046448,0.02258170209825039,0.027222871780395508
69,"Originally posted to the PCMag.com security blog , Security Watch ",0.021802878007292747,0.04459656402468681,0.9336005449295044
70,"narrows to EUR2 .8 m 9-mo '09 29 October 2009 - Finnish software and hardware developer Elektrobit Oyj HEL : EBG1V , or EB , said today that its net loss narrowed to EUR2 .8 m for the first nine months of 2009 from EUR35 .6 m for the same period a year ago ",0.9395906329154968,0.0365321971476078,0.023877160623669624
71,"Operating loss totalled EUR 12.7 mn , compared to a profit of EUR 17.7 mn in the first half of 2008 ",0.013250241056084633,0.9769072532653809,0.009842406027019024
72,"The Group owns and operates a fleet of more than 800dwt , while container capacity is 17,000 TEUs , and manages a diversified fleet of its own railway rolling stock of over 17,000 units ",0.05961061641573906,0.010544737800955772,0.9298446178436279
73,The value of the multi-year agreement is over EUR 2mn a year ,0.13615740835666656,0.008440754376351833,0.855401873588562
74,"Shareholder 's full name and ID code : - Petri Ailus , born 15.9.1966 For further information , please contact Isto Hantila , CEO , tel. +358 9 591 8342 ",0.026664189994335175,0.02046944387257099,0.9528664350509644
75,HK Ruokatalo 's target is to know the consumers ,0.03841640427708626,0.01925593987107277,0.942327618598938
76,"This action follows personnel negotiations concerning Elcoteq SE , Finnish Branch , Elcoteq Finland Oy and Elcoteq Design Center Oy ",0.021565454080700874,0.41252607107162476,0.5659084916114807
77,"Operating profit was EUR 139.7 mn , up 23 % from EUR 113.8 mn ",0.955452024936676,0.023805612698197365,0.020742300897836685
78,Boomerang Boats had net sales of EUR 4.1 mn and it made an operating profit of EUR 0.4 mn in 2006 ,0.06413494795560837,0.015646781772375107,0.9202182292938232
79,Finnish cutlery and hand tools maker Fiskars Oyj Abp ( HEL : FISAS ) said today its net profit rose to EUR 24.1 million ( USD 33.6 m ) in the third quarter of 2010 from EUR 17.9 million a year earlier ,0.9493034482002258,0.027072371914982796,0.023624205961823463
80,Operating profit rose to EUR 13.5 mn from EUR 9.7 mn in the corresponding period in 2006 ,0.9509323835372925,0.027033042162656784,0.022034628316760063
81,Rapala aims to move the distribution unit Ragot from Loudeac in Bretagne and the distribution unit Waterqueen and the fishing line supplier Tortue from Saint Marcel in Central France to Morvillars ,0.07293036580085754,0.01371650118380785,0.9133531451225281
82,"Incap , headquartered in Oulu , Finland , is a electronics contract manufacturer with some 750 employees in Finland , Estonia and India ",0.044778116047382355,0.01734227128326893,0.9378796219825745
83,"The company 's board of directors will propose a dividend of EUR 0.95 per share for 2008 at the annual general meeting , scheduled to be held on March 23 , 2009 ",0.05267295613884926,0.015028571709990501,0.932298481464386
84,"EQ Bank forecasts Olvi 's net sales at EUR 67mn in the second quarter of 2009 , and operating profit at EUR 6.4 mn ",0.07745835930109024,0.0182789359241724,0.9042626619338989
85,"In the fourth quarter of 2008 , net sales increased by 2 % to EUR 1,050.7 mn from EUR 1,027.0 mn in the fourth quarter of 2007 ",0.952353298664093,0.024393348023295403,0.02325325459241867
86,"The fair value of the investment properties totaled EUR 2,534.9 mn , up from EUR 2,455.1 mn in 2006 ",0.9530205726623535,0.025701474398374557,0.021277928724884987
87,Finnish consumer packaging manufacturer Huhtamaki Oyj said it swung to a net profit of 84.1 mln euro $ 105.6 mln in the first nine months of 2006 from a net loss of 2.6 mln euro $ 3.3 mln in the same period of 2005 ,0.9480927586555481,0.026967564597725868,0.02493969351053238
88,"At the end of March 2009 , the company 's loans amounted to EUR 10.113 mn ",0.03871936723589897,0.019072407856583595,0.9422082304954529
89,"ENP Newswire - 22 March 2011 Release date - 21032011 - A total of 13,000 Talvivaara Mining Company Plc 's new shares were subscribed for during the period between 1 January 2011 and 28 February 2011 under the company 's stock option rights 2007A ",0.029026493430137634,0.0182623490691185,0.9527111053466797
90,"In addition to the Tulikivi Corporation , he is also currently a member of the Board of the following companies : Altia Corporation , J+駌vi-Suomen Portti Osuuskunta , Osuuskunta KPY , Profile Vehicles Oy and Voimatel Oy ",0.02713599242269993,0.02531363256275654,0.9475502967834473
91,"According to Finnair Technical Services , the measure is above all due to the employment situation ",0.7409897446632385,0.029888510704040527,0.22912172973155975
92,The deal will have no significant effect on the acquiring company 's equity ratio ,0.03328534588217735,0.01950446143746376,0.9472101926803589
93,"Additionally , the company will use the solutions to automate the preparation of financial statements according to IFRS standard ",0.1383964568376541,0.007936862297356129,0.8536667227745056
94,"Sales in Latin America increased by 42 % to EUR 432mn , and a total of 8.7 mn mobile devices were sold in the area , representing an increase of 32 % from the corresponding period in 2009 ",0.9539469480514526,0.019537804648280144,0.02651524730026722
95,"Tekla will organize an information meeting for analysts and media at WTC Helsinki Marski meeting room , Aleksanterinkatu 17 , the same day at 12:30 - 1:30 p.m. Light lunch will be served ",0.028560156002640724,0.02261236496269703,0.9488274455070496
96,"Arvo Vuorenmaa , the Loviisa plant 's general manager said the application for the new licence was a `` standard '' procedure and that he was `` quite confident '' about approval being granted ",0.8670684695243835,0.008409855887293816,0.12452171742916107
97,`` These developments partly reflect the government 's higher activity in the field of dividend policy . ',0.8063216209411621,0.01198224350810051,0.18169617652893066
98,Operating profit rose to EUR 103.4 mn from EUR 23.2 in the corresponding period in 2006 ,0.9510553479194641,0.026695432141423225,0.022249244153499603
99,"CapMan , an asset manager , has EUR 3bn worth of assets under management in the Nordic region ",0.047565244138240814,0.012986362911760807,0.939448356628418
100,"It is part of the development of the world-class magnetite deposit at Karara , which has the known potential for over 30 million metric tons of annual processing of magnetite over its estimated 30-year life ",0.34876126050949097,0.006886023096740246,0.6443527340888977
101,"In addition , the company is considering the start of production in Russia ",0.13550302386283875,0.009215326979756355,0.8552817106246948
102,Operating profit improved by 39.9 % to EUR 18.0 mn from EUR12 .8 mn ,0.9560938477516174,0.02531474642455578,0.01859138160943985
103,"Salcomp 's charger manufacturing plant in India is located in the Nokia Telecom Park in the state of Tamil Nadu , in the eastern part of India ",0.061383165419101715,0.012201515026390553,0.9264152646064758
104,"The decision will have to be made whether the group agrees to the import of Estonian meat and meat products to Finland , the paper added ",0.06272602081298828,0.022299328818917274,0.9149746298789978
105,"HELSINKI Thomson Financial - Shares closed little changed , with Cargotec and Huhtamaki dropping sharply on disappointing second-quarter reports ",0.01013494934886694,0.9742499589920044,0.015615137293934822
106,"Under the transaction agreement , Metsaliitto will purchase 24.7 % of Metsa-Botnia 's shares from UPM and 3 % from M-real ",0.09036985784769058,0.010407647117972374,0.8992224335670471
107,"Its customers include local companies Slo Oy , Kiilto Oy , Toptronics Oy , Normark Suomi Oy , Pellonpaja Oy and Mansner Oy ",0.036894433200359344,0.01842413656413555,0.9446814656257629
108,"In the second quarter of 2010 , the group 's net profit rose to EUR 3.1 million from EUR 2.5 million in April-June 2009 ",0.9490082859992981,0.02723332680761814,0.02375829592347145
109,"A total of 1,800,000 stock options were issued in the 2003 stock option scheme ",0.027356838807463646,0.023910004645586014,0.9487330913543701
110,The combined value of the orders is EUR 45mn ,0.0379059836268425,0.01630519889295101,0.9457888603210449
111,Ruukki 's order book at the end of 2010 was 30 % up year-on-year and 10 % up quarter-on-quarter ,0.9543355703353882,0.024336423724889755,0.02132798358798027
112,"RAPALA TOURNAMENT FISHING : With all the major titles already out for the holidays , bargain-priced games such as Rapala aim for a smaller audience ",0.0462808795273304,0.0587041899561882,0.8950149416923523
113,"Outotec 's delivery covers the engineering , supply and construction of a circulating fluid bed calcination plant with a capacity of 1,600 tons of alumina per day ",0.06587336212396622,0.009328208863735199,0.9247984290122986
114,HELSINKI AFX - Outokumpu said its technology unit has won a 28 mln eur contract from Bosnia-Herzegovina 's Aluminij dd Mostar to upgrade an anode plant ,0.9520809054374695,0.0163315087556839,0.031587522476911545
115,"In January-September 2009 , the Group 's net interest income increased to EUR 112.4 mn from EUR 74.3 mn in January-September 2008 ",0.9481109380722046,0.02654026448726654,0.025348804891109467
116,"The mill will have capacity to produce 500,000 tonnes of pulp per year ",0.1197478249669075,0.008321885950863361,0.8719303011894226
117,"At the moment , there are approximately 20 Vianor sales offices in Russia ",0.051925238221883774,0.012516172602772713,0.9355586171150208
118,"Poyry is a global consulting and engineering firm focusing on the energy , forest industry and infrastructure & environment sectors ",0.061917297542095184,0.012497774325311184,0.9255849719047546
119,"The train is expected to cross the Russian territory in 9 days , reaching the Vostochny port ",0.28524670004844666,0.012057864107191563,0.7026954293251038
120,A total 30 % of the order value was booked in the fourth quarter of 2009 and the remainder will be booked in the second quarter of 2010 ,0.02594304457306862,0.026521433144807816,0.9475355744361877
121,Operating profit was EUR 1.6 mn in 2005 compared to EUR 5.9 mn in 2004 ,0.09253467619419098,0.8936656713485718,0.013799700886011124
122,"China Unicom , NYSE : CHU , HKSE : 0762 , and SHSE : 600050 , the second largest mobile carrier in the country ",0.16697199642658234,0.009391187690198421,0.8236368894577026
123,The agreement strengthens our long-term partnership with Nokia Siemens Networks ,0.951129138469696,0.011958353221416473,0.03691253066062927
124,The value of the orders is about EUR 25mn ,0.04417698085308075,0.0156847070902586,0.9401383399963379
125,"MegaFon 's subscriber base increased 16.1 % in 2009 to 50.5 million users as of December 31 , while its market share by the number of customers amounted to 24 % as of late 2009 , up from 23 % as of late 2008 , according to TeliaSonera estimates ",0.9557110071182251,0.01732511632144451,0.02696387842297554
126,"With this acquisition the wireless modem unit and its approximately 1,100 employees were transferred to Renesas Electronics Corporation ",0.03011433593928814,0.02139776013791561,0.9484878778457642
127,"The refining margin for the year was $ 13.39 - bbl , compared to $ 10.46 - bbl in the prior year ",0.6753360629081726,0.29696333408355713,0.027700552716851234
128,"These new units will be built at Cargotec 's state of the art manufacturing facility in San Antonio , Texas , USA , which started operations in 2009 ",0.30193737149238586,0.007555117830634117,0.6905074715614319
129,"Financial , strategic and operational factors are considered ",0.04061950743198395,0.016017159447073936,0.9433633089065552
130,Net sales surged by 30 % to EUR 36 million ,0.9552440047264099,0.019288284704089165,0.025467658415436745
131,"In the reporting period , net sales rose by 8 % year-on-year to EUR64 .3 m , due to the business acquisitions realized during the first half of 2008-09 , the effect of which was EUR10 .9 m in the review period ",0.9577808976173401,0.019474854692816734,0.02274424210190773
132,"Pretax profit totaled EUR 9.0 mn , down from EUR 36.3 mn in 2007 ",0.009353906847536564,0.9761971831321716,0.014448792673647404
133,Neste Oil Corporation Refining Operation Asset Summary Report Summary Neste Oil Corporation Refining Operation Assets Summary Report is an essential source for company data and information ,0.021426675841212273,0.034243255853652954,0.944330096244812
134,"cents The profile contains business operations , the company history , major products and services , prospects , key competitors , structure and key employees , locations and subsidiaries ",0.022648949176073074,0.02894761599600315,0.9484034776687622
135,at 9:00 EET Alma Media 's Annual Report for 2009 is scheduled to be published in calendar week 9 ,0.017632173374295235,0.039127614349126816,0.943240225315094
136,Cargo volume increased by approximately 5 % ,0.9545899629592896,0.016667986288666725,0.028742043301463127
137,"Neste oil 's board proposed 1.00 eur dividend for the full-year 2007 , compared with 0.90 eur a year ago ",0.8895704746246338,0.08737054467201233,0.023058971390128136
138,All YIT Capital Markets Day materials will be available on the company 's Internet site at www.yitgroup.com/investors at 10:30 on September 26 ,0.02113589458167553,0.02550717070698738,0.9533569812774658
139,The company may at any time have in its possession one tenth of all its shares at the maximum ,0.022187430411577225,0.030034659430384636,0.9477779269218445
140,- Cash flow from operating activities before investments was EUR 7.6 million EUR 2.5 million ,0.02445812337100506,0.05523092672228813,0.9203109741210938
141,"Metsaliitto will sell 1.1 million B shares of Neomarkka , accounting for about 18.3 pct of Neomarkka 's equity and about 12.7 pct of the voting rights ",0.04407808929681778,0.013244342990219593,0.9426776170730591
142,Market share decreased on the route between Helsinki in Finland and Tallinn in Estonia by 0.1 percentage points to 24.8 % ,0.008183339610695839,0.9738023281097412,0.018014295026659966
143,"The Annual Report contains the financial statements , the consolidated financial statements , the report by the Board of Directors and the auditor 's report ",0.019357506185770035,0.03742636367678642,0.9432161450386047
144,"Taking a cue from the playbook of the East Dillon Lions , we 've created a special team of heavy-hitting style players , such as boot-cut jeans , tummy tops and , of course , cowboy boots ",0.09505952894687653,0.014158584177494049,0.8907818794250488
145,"The business is organised , as of February 1 , 2011 , in a way that production of design services is combined into one entity , Etteplan Operations ",0.03248150646686554,0.01561516523361206,0.9519033432006836
146,Finnish KCI Konecranes has raised its net sales growth estimate for 2006 from over 25 % to over 35 % ,0.951639711856842,0.020558081567287445,0.02780219539999962
147,"The repo rate will gradually reach 2 % at the end of 2010 , according to Nordea 's Economic Outlook ",0.26262208819389343,0.011612222529947758,0.7257657051086426
148,"The Polish business employs about 1,000 people , and it had net sales of about EUR 70mn in 2007 ",0.04404381662607193,0.017841950058937073,0.9381142258644104
149,"Earnings per share ( EPS ) amounted to EUR0 .98 , up from the loss of EUR0 .02 ",0.9557284116744995,0.022685347124934196,0.02158622071146965
150,Uponor maintains its full-year guidance for 2010 ,0.03830160200595856,0.021929146721959114,0.9397692680358887
151,"In Q1 of 2010 , Bank of +鄉and 's net interest income increased from EUR 9.1 mn to EUR 9.7 mn ",0.9515745043754578,0.019218685105443,0.029206860810518265
152,"In Finland , the city of Forssa has said it will not pay compensation to food industry companies HK Ruokatalo and Atria for the lye leak into tap water that occurred in March 2008 ",0.02034892328083515,0.9380737543106079,0.04157731309533119
153,Basware Business Transactions Service enables the customer to receive and send invoices in an electronic format ,0.03016793169081211,0.01690785028040409,0.9529241919517517
154,"Operating profit for the nine-month period increased from EUR13 .6 m , while net sales increased from EUR394 .7 m , as compared to the corresponding period in 2005 ",0.9565742611885071,0.020525429397821426,0.022900303825736046
155,The company said that sales in the three months to the end of March slid to EUR86 .4 m US$ 113.4 m from EUR91 .2 m last year ,0.01020525861531496,0.974563717842102,0.015231101773679256
156,SCANIA Morgan Stanley lifted the share target on Swedish heavy-duty truck and bus maker Scania AB to 330 crowns ( $ 42.4 - 35.2 euro ) from 310 crowns ( $ 39.8 - 33.1 euro ) ,0.9482289552688599,0.026261618360877037,0.02550950087606907
157,UPM-Kymmene said its has ` not indicated any interest in any domestic consolidations ' ,0.047796446830034256,0.01965232938528061,0.9325512647628784
158,"Teleste 's hybrid TV solution includes components for the whole process of delivering video services to consumers from content acquisition and service creation to delivery through a range of access solutions , including HFC ( hybrid fibre-coaxial ) , xDSL , EttH , and FttH ",0.08126278966665268,0.008893824182450771,0.9098434448242188
159,Finnish metal products company Componenta Oyj net profit went slightly down to 25.1 mln euro ( $ 40.2 mln ) for the first half of 2008 from 25.4 mln euro ( $ 40.7 mln ) for the same period of 2007 ,0.011282563209533691,0.9743961691856384,0.0143212815746665
160,"Finnish lifting equipment maker Konecranes Oyj said on July 30 , 2008 that its net profit rose to 71.2 mln euro ( $ 111.1 mln ) for the first half of 2008 from 57.1 mln euro ( $ 89.1 mln ) for the same period of 2007 ",0.9515292048454285,0.026459675282239914,0.02201118879020214
161,The company 's board of directors has proposed a dividend of EUR0 .12 per share for 2006 ,0.05895943194627762,0.015488661825656891,0.9255518913269043
162,"Its board of directors will propose a dividend of EUR0 .12 per share for 2010 , up from the EUR0 .08 per share paid in 2009 ",0.9521571397781372,0.01947374828159809,0.02836914360523224
163,"For the first nine months of 2010 , the company 's net profit rose to EUR41m from EUR30m for the corresponding period of 2009 ",0.9488494396209717,0.02544289641082287,0.025707732886075974
164,The project is expected to be completed in 2009 ,0.11385320872068405,0.010008560493588448,0.8761382102966309
165,"The contract value amounts to about EUR11m , the company added ",0.03601151704788208,0.01830257847905159,0.945685863494873
166,"Cablevision Systems Corp. CVC Their Madison Square Garden division owns and operates the New York Knickerbockers basketball team ; they also own the Madison Square Garden Arena , the New York Rangers hockey team , the New York Liberty women 's basketball team , and the Hartford Wolf Pack hockey team ",0.02343549206852913,0.022306790575385094,0.9542577862739563
167,"Thus the group 's balance sheet will have about EUR25 .8 m in goodwill for 2010 , the company added ",0.1123930960893631,0.013023806735873222,0.8745830655097961
168,"Finnish pharmaceuticals company Orion reports profit before taxes of EUR 70.0 mn in the third quarter of 2010 , up from EUR 54.9 mn in the corresponding period in 2009 ",0.9520801901817322,0.028535641729831696,0.019384287297725677
169,"The cost of the deal could range from 70 million to 90 million euros depending on the financial results of the two companies in 2008 , the statement says ",0.04398145526647568,0.017412733286619186,0.938605785369873
170,"SCOPI Chief Business Excellence Officer , Eng ",0.08058406412601471,0.01731047034263611,0.902105450630188
171,The original patent was filed in Finland under application No. ,0.03449200838804245,0.018750932067632675,0.9467570185661316
172,Finnish media company Talentum Oyj 's net profit decreased to 2.5 mln euro ( $ 4.0 mln ) for the first quarter of 2008 from 3.0 mln euro ( $ 4.7 mln ) for the same period of 2007 ,0.008277458138763905,0.9757267832756042,0.015995683148503304
173,Scanfil issued a profit warning on 10 April 2006 ,0.00970128457993269,0.9644414782524109,0.02585717849433422
174,The financial statements release will be available after publishing on the Company 's internet pages at www.cargotec.com ,0.022735869511961937,0.021201888099312782,0.9560622572898865
175,Net sales dropped by 6 % year-on-year to EUR 11.9 million ,0.007311415392905474,0.9760717749595642,0.016616765409708023
176,Atria said its offer would give the Swedish company continued ownership and control of its slaughtering and cutting operations ,0.2883307635784149,0.007914167828857899,0.7037550210952759
177,Both the net sales and operating profit were record high in the company 's history ,0.9386951327323914,0.023201551288366318,0.03810328617691994
178,"Elcoteq 's Electronics Manufacturing Services ( EMS ) Business Segment serves customers globally in Engineering , Manufacturing and Fulfillment services ",0.08041316270828247,0.010588260367512703,0.9089986085891724
179,Earnings per share ( EPS ) dropped to EUR 0.21 from EUR 0.31 ,0.008271333761513233,0.9757183790206909,0.016010288149118423
180,"Konecranes Oyj KCR1V FH fell 5.5 percent to 20.51 euros , the biggest fall since June ",0.008183341473340988,0.9765451550483704,0.015271415933966637
181,This corrensponds to 4.628 percent of Okmetic 's share capital and voting rights ,0.0735807791352272,0.01083309855312109,0.9155861139297485
182,The value of the order is USD 2.2 mn ,0.05164886265993118,0.012785855680704117,0.9355652928352356
183,Short-term licenses for the games cost as little as $ 3 while purchasing a game outright can cost as much as $ 10 or $ 15 ,0.031724315136671066,0.03604193031787872,0.9322338104248047
184,`` They want my credit card info and my personal details ,0.025955045595765114,0.06959036737680435,0.9044545292854309
185,"External net sales from the printing business fell by 43.7 % , partly due to the termination of the printing contract between Ilkka-Yhtyma 's printing house I-print Oy and sector player HSS Media AB in December 2009 and the fall in printing prices ",0.007128922734409571,0.9758082628250122,0.01706285960972309
186,Kemira shares closed at (  x20ac ) 16.66 ( $ 22US .71 ) ,0.01934180222451687,0.07191316783428192,0.9087449908256531
187,EPS grew to 0.04 eur from 0.02 eur ,0.9500166177749634,0.029992731288075447,0.019990548491477966
188,"Making matters more difficult , the company said it has been grappling with higher oil and gas prices , which have pushed up the cost of energy , raw materials and transportation ",0.05257055163383484,0.9189463257789612,0.0284830741584301
189,The net sales of Healthcare Trade business in 2009 were EUR 145.1 million EUR 155.2 million and operating profit EUR 8.9 million EUR 7.9 million ,0.04112376645207405,0.041675686836242676,0.9172005653381348
190,Market data and analytics are derived from primary and secondary research ,0.025298211723566055,0.023112542927265167,0.9515891671180725
191,1 February 2011 - Finnish textile and clothing company Marimekko Oyj HEL : MMO1V said today its preliminary operating profit grew to EUR8 .2 m in 2010 from EUR6 .3 m in 2009 ,0.9430258274078369,0.03083123452961445,0.026142889633774757
192,"LEED is an internationally recognized green building certification system , developed by the U.S. Green Building Council ",0.37033066153526306,0.007891066372394562,0.6217783093452454
193,"They can be used to control the speed of electric motors used by industry and municipal engineering , and in power generation using renewable energy ",0.060573406517505646,0.011985236778855324,0.9274413585662842
194,"In Q2 of 2009 , profit before taxes amounted to EUR 13.6 mn , down from EUR 26.8 mn in Q2 of 2008 ",0.009634280577301979,0.9760320782661438,0.014333612285554409
195,Raute is listed on the Nordic exchange in Helsinki ,0.030306721106171608,0.020652931183576584,0.9490402936935425
196,Finnish technology company Raute Corporation ( OMX Helsinki : RUTAV ) issued on Tuesday ( 23 September ) a profit warning for the financial year 2008 ,0.017058981582522392,0.9644743204116821,0.018466753885149956
197,The company had net sales of EUR 19.8 mn and a pre-tax profit of EUR 1.8 mn in 2005 ,0.046006008982658386,0.02337072044610977,0.9306232333183289
198,The company moved to an operating profit of EUR10 .9 m versus an operating loss of EUR15 .3 m. It also turned to EPS of EUR0 .08 versus loss per share of EUR0 .04 ,0.9403908252716064,0.02552594244480133,0.03408323600888252
199,"Revenue in July to September grew 14 percent to ( EURO ) 467 million from a year earlier , the company said Thursday ",0.9566406607627869,0.018616879358887672,0.024742491543293
