,headline,sentiment
0,Morrisons book second consecutive quarter of sales growth,0.43
1,IMI posts drop in first-quarter organic revenue; warns on full year,-0.34400000000000003
2,"Glencore to refinance its short-term debt early, shares rise",0.34
3,EasyJet attracts more passengers in June but still lags Ryanair,0.259
4,Barclays 'bad bank' chief to step down,-0.231
5,Bilfinger Industrial Services win Â£100m BP contract extension,0.113
6,Bilfinger Industrial Services win Â£100m BP contract extension,0.424
7,Barclays share price subdued as bank faces fresh forex probe,-0.373
8,Centrica prepared for takeover approach - chairman,0.111
9,Jim Armitage: Spare no tears as Glencore's bosses are paying such a small price,-0.231
10,"Barclays, Deutsche Bank Fight to Lift Profit Just Got Harder",-0.221
11,Kingfisher set to open another 200 Screwfix stores,0.541
12,Diageo sales disappoint as currency and comparatives leave bitter taste,-0.545
13,Smith & Nephew recalls hip-replacement components,-0.522
14,Tesco is torn apart as watchdog finds supermarket repeatedly withheld payments from suppliers,-0.775
15,Is Trouble Brewing At Legal & General Group Plc And Aviva plc?,-0.271
16,Here's my 10-point plan to make Tesco great again,0.09
17,"Schroders posts FY profit beat, replaces CEO and chairman in board shake-up",0.052000000000000005
18,BP Seeks to Get Back Some Gulf Oil Spill Business Payouts,0.181
19,"Can Standard Chartered PLC, BP plc & Burberry Group plc Keep Charging?",0.0
20,"UPDATE 1-BP reports worst annual loss in at least 20 years, cuts more jobs",-0.989
21,Insurers: Admiral blows hot and cold but Aviva soars pre-Friends Life merger,0.053
22,"L&G still paying price for dividend cut during crisis, chief says",-0.338
23,Insurers: Admiral blows hot and cold but Aviva soars pre-Friends Life merger,0.314
24,"Whitbread eyes savings, price rises to offset wage rises",0.139
25,Britain's FTSE lifted by solid Kingfisher,0.653
26,Novo Nordisk and AstraZeneca seek tonic from key drug trials,0.099
27,Kingfisher takeover of Mr Bricolage could hit a brick wall,-0.311
28,BP wins right to appeal some Gulf spill damages claims,0.23600000000000002
29,Dixons Carphone profit boost on strong sales,0.47800000000000004
30,UK MORNING BRIEFING: Sky And Hargreaves Lansdown Bookend FTSE 100,0.128
31,Johnson Matthey profit lifted by metals unit sale,0.40700000000000003
32,"Barclays, Credit Suisse strike record deals with SEC, NY over dark pools",-0.902
33,UPDATE 1-Shire takes Q2 earnings pain for long-term gain,-0.17400000000000002
34,Drugmaker Shire to buy Baxalta for $32 billion after 6-month pursuit,0.437
35,Standard Chartered considering move from UK,0.166
36,Philippines' San Miguel says to partner with Kirin if it bids for SABMiller's ...,0.24
37,US cancels Arctic offshore lease sale after Shell drops interest,-0.019
38,Shire CEO steps up drive to get Baxalta board talking,0.203
39,UPDATE 1-Oil major BP freezes pay in 2015 to cut costs,-0.2
40,Brazil Vale says will appeal ruling to block assets for dam burst,-0.131
41,"BHP Billiton posts big loss, slashes dividend",-0.9380000000000001
42,Reaching New Depths: Glencore's $5bn Loss,-0.913
43,UPDATE 2-EasyJet sees better first half on lower fuel bill,0.778
44,Britain's FTSE advances as Royal Mail rises,0.47600000000000003
45,CompaniesTesco sheds Harris & Hoole coffee shops,0.30000000000000004
46,News FeedFTSE 100 movers: Standard Chartered lifted while AstraZeneca sinks,0.509
47,Fitch: Citi's 1Q'15 Reports Much Improved Results,0.378
48,Landlord Hammerson's NAV rises on increased leasing activity,0.659
49,CompaniesMetro Bank raises Â£400m ahead of London listing,0.296
50,New Morrisons duo get former boss's support to diffuse investor tension,0.14300000000000002
51,WPP Q1 Revenue Rises Over 8% - Quick Facts,0.668
52,Barclays raises 603 million pounds from African business share sale,0.309
53,REFILE-Aviva Investors to move 34 bln euros in assets from AXA fund arm,-0.398
54,Dividends Unleashed At Royal Bank of Scotland Group plc,0.425
55,"Irish Said Chasing Standard Chartered, RBS as Brexit Vote Nears",0.128
56,"EXCLUSIVE-BP, China's CNPC to unveil oil alliance - sources",0.326
57,RBS and Barclays shares temporarily suspended amid heavily losses,-0.9410000000000001
58,BP sees Q1 earnings slide as low oil prices take their toll,-0.376
59,Johnson Matthey revs up on clean air drive,0.224
60,Tesco boss urges rethink on minimum wage and business rates,0.17300000000000001
61,Is It Worth Investing In Tesco PLC And Prudential plc Now?,0.161
62,RBS will reportedly appoint Howard Davies as its next chairman,0.089
63,UPDATE 1-Seattle flotilla protests Shell's Arctic drilling plans,-0.338
64,Petrofac books further Â£30m cost for Shetland gas terminal delays,-0.343
65,G4S suspends workers at UK youth centre over allegations of unnecessary force,-0.323
66,TalkTalk hires BAE Systems to investigate cyber attack,0.217
67,Osborne extends Lloyds sell-off plan,-0.311
68,UPDATE 1-Dairy Crest loses a third of Morrisons milk contract,-0.902
69,CompaniesLord Livingston joins Dixons Carphone,0.364
70,Tesco names Deloitte as new auditor after accounting scandal,0.26
71,World's banks may halve jobs and branches within 10 years - Barclays ex-boss,-0.521
72,Severn Trent share price rises as first half profit inches up as customer ...,0.526
73,Clinigen chosen by AstraZeneca to manage access programme for next ...,0.328
74,Valeant's Pearson says timing of return uncertain,-0.044
75,Aviva suspends trading in Â£1.8bn UK property fund,-0.78
76,Horizonte acquires neighbouring Glencore nickel property in Brazil,0.182
77,Indy future in doubt as Johnston Press lines up deal for 'i',0.155
78,Glaxo's ViiV Healthcare Signs China Manufacturing Deal With Desano,0.277
79,"BHP Billiton half-year profit falls, beats forecasts",0.082
80,Royal Dutch Shell to Buy BG Group for Nearly $70 Billion,0.259
81,Barclays to speed up cost-cuts after new mis-selling hit,-0.25
82,"CEOs of BPM, UBI meet Italy econ minister as M&A talk heats up",0.133
83,HSBC Hit by Fresh Details of Tax Evasion Claims,-0.594
84,"CaixaBank, dos Santos Agree on Plan for BPI Angola Exposure",-0.092
85,"BPI Says Caixabank, Isabel dos Santos Reach Agreement Over Angola Exposure",0.221
86,Wolseley says Nicholls won't join as finance chief,-0.08700000000000001
87,UK lawmakers warn Royal Mail against further price hikes,-0.164
88,StanChart and RBS struggle in Bank of England stress tests,-0.39
89,StanChart may see white knight takeover on painful recovery - CLSA,-0.155
90,AstraZeneca suffers setback after drug fails to treat eye cancer,-0.392
91,News FeedFTSE 100 movers: Standard Chartered lifted while AstraZeneca sinks,-0.666
92,Retail giant Kingfisher reports 'solid' start to the year,0.368
93,Unilever Continues to Battle Soft Demand,-0.264
94,Fresnillo Production Surges But Profit Hit By Lower Prices,0.21
95,Helge Lund moves to BG a month early,0.05
96,"Tesco set to sell Kipa, Giraffe businesses - Sky News",-0.192
97,"RBS warns of higher misconduct charges, obstacles ahead",-0.383
98,"DBS, Julius Baer emerge as potential bidders for Barclays Asia wealth unit ...",0.307
99,Standard Life slips as Greek worries peg back Britain's FTSE,-0.40700000000000003
100,Glencore sells agri unit stake for $2.5 billion to Canadian pension fund,0.466
101,FCA bans former RBS Libor submitter,-0.28500000000000003
102,AB InBev's Latest Bid Said Unlikely to Win SABMiller's Approval,0.127
103,Standard Chartered Not Raising Capital Yet As Dividend Cut,-0.158
104,"Tesco set to sell Kipa, Giraffe businesses - Sky News",0.23
105,United Utilities FY profit up 3.5%; to boost capex,0.42
106,Sale of Tesco's Clubcard business to WPP on the verge of collapse,-0.518
107,UK's Osborne may sell state-owned RBS shares at a loss -paper,-0.30000000000000004
108,Tesco Sale Is Asia's Biggest Private-Equity Deal,0.378
109,Industry NewsWolseley confident in reslilience amid mixed markets,0.28700000000000003
110,Japan's Nikkei lands Financial Times in $1.3 billion deal,0.262
111,UPDATE: Peter Long To Be Chairman Of Both Royal Mail And TUI AG,0.0
112,UK regulators license BAT e-cigarette as quit-smoking medicine,0.461
113,"Aviva, M&G suspend property funds as investors panic",-0.782
114,British American Tobacco drops and sues PwC over pollution scandal,-0.528
115,Aberdeen's shares slide as net outflows accelerate,-0.434
116,REFILE-Hikma and Barclays help Britain's FTSE to climb higher,0.452
117,"Kraft, Cadbury's and Britvic in Total Recall: how pulling a product affects profit",-0.13
118,Standard Chartered share price: Aberdeen CEO would back potential capital increase,0.167
119,Severn Trent share price jumps as Canadian investor renews pursuit of utility,0.433
120,France raises concerns over proposed LSE-Deutsche Boerse deal,-0.34700000000000003
121,Bunzl blames weakness in United States for first-half revenue slowdown,-0.335
122,Tesco criticised for 'disgraceful' advert showing domestic worker being slapped,-0.498
123,Tushar Morzaria is bookies' favourite to be new Barclays chief executive,0.0
124,CompaniesG4S claims 'positive' start to the year,0.303
125,"UPDATE 3-BP settles oil spill-related claims with Halliburton, Transocean",-0.042
126,Shares in BAE Systems hit 10-month high on rating upgrade,0.905
127,GE to Sell Majority Stake in Bank BPH's Core Bank to Alior Bank,0.233
128,Royal Dutch Shell plc: Shell Updates on Alaska Exploration,0.0
129,City spirits sink after Diageo comes up short with sales slide,-0.521
130,Tesco sales recover as focus returns to core business,0.35000000000000003
131,London Stock Exchange unit in talks to operate Plato venue,0.14400000000000002
132,ARM Holdings plc Partners With International Business Machines Corp. To Drive ...,0.34500000000000003
133,GSK joins China trade push as UK trumpets healthcare deals,0.294
134,"Goldman Sachs, Barclays, HSBC downplay Brexit threat",0.0
135,HSBC marks muted 150th birthday party with grain of rice sculptures,0.0
136,Barclays appoints JPMorgan's Paul Compton as new COO,0.036000000000000004
137,Standard Chartered Shares Jump Most Since '12 After Upgrades,0.989
138,Italy Probes Shell's Role in Purchase of Nigerian Oil Block,-0.231
139,Shropshire and Mid Wales trains to be hit again in new strike by Arriva drivers,-0.4
140,Friends Life lifts profits 38% and hikes divi ahead of proposed Aviva takeover,0.138
141,Randgold profit hit by poor gold price but dividend still increases,-0.052000000000000005
142,AstraZeneca does US$770mln anaesthetic deal,0.365
143,AB InBev's Latest Bid Said Unlikely to Win SABMiller's Approval,-0.369
144,ITV share price jumps on report of Comcast's NBCUniversal bidding to takeover ...,0.611
145,Diageo Sells Ryder Cup Venue Gleneagles Hotel to Ennismore Group,0.182
146,Pearson to cut 4000 jobs as it warns on profits,-0.664
147,"FDA panel backs safety updates for AstraZeneca, Takeda drugs",-0.198
148,LSE-Deutsche Boerse merger would signal end to exchange mega-deals,0.105
149,"Intertek Hit By Pound Strength, Oil & Gas Slowdown; Still Ups Dividend",-0.391
150,Tesco says recovery plan working after profit collapse,0.213
151,Kinder Morgan and BP Form Joint Venture Limited Liability Company to Purchase ...,0.20800000000000002
152,Shell and BG Shareholders to Vote on Deal at End of January,0.0
153,"Intercontinental Hotels, Starwood held early deal talks - FT",0.145
154,Warren Buffett's Berkshire Hathaway buys stake in Apple,0.481
155,Sunday Papers: Shire told to raise its offer by Baxalta investors,0.343
156,"Britain's FTSE bounces back, Mondi and Barratt lead",0.558
157,Glencore slashes 2015 capex budget as annual profits slip 2%,-0.37
158,Anheuser-Busch InBev Increases Offer for Rival SABMiller,0.123
159,Sainsbury CFO Rogers to Replace Home Retail CEO Walden,0.0
160,"UPDATE 2-Exchanges, Barclays win dismissal of US high-frequency trading case",0.212
161,MarketsUS industrials lag as Barclays dims view,-0.34
162,Zurich Insurance Considering Offer for UK Rival RSA Insurance,0.376
163,US DOJ antitrust unit subpoenas Mylan over pricing of doxycycline,-0.86
164,AstraZeneca sells US gout drug rights to Ironwood for up to $265 million,0.335
165,"Shell, Chevron Await LNG's Return From `Pause Mode'",0.057
166,Companies raise less money on London Stock Exchange in 2015,-0.199
167,Shell and BG Shareholders to Vote on Deal at End of January,0.0
168,Glencore shares rally after miner hits back,0.40700000000000003
169,ABN Amro: Bank that brought down RBS poised for return to the market,0.353
170,Verizon and AT&T accused of hurting rivals,-0.447
171,ARM swings to profit in fourth quarter,0.549
172,Johnson Matthey profit falls but dividend rises,0.0
173,Auto Trader share price surges as company floats on LSE,0.655
174,ConAgra Names Former Hillshire Farms CEO Connolly to Top Post,0.1
175,Hargreaves Landown slides on trading update,-0.464
176,"Sainsbury's, Asda, Tesco and Morrisons will all cut petrol prices as oil falls ...",-0.226
177,"WPP, World's Largest Ad Agency, Reports Strong 2015 Growth",0.555
178,Shell Targets Gains From Brazil to LNG With Takeover of BG Group,0.5660000000000001
179,Four former Barclays bankers jailed over Libor,-0.84
180,Tesco Cut to Junk at Moody's on Concern Revival to Take Time,-0.623
181,LPC-Glencore launches refinancing of $8.45billion loan,0.193
182,"London open: Taylor Wimpey and Ashtead drive markets higher, Barclays falls",0.514
183,Easyjet targets business travellers with new perks,0.147
184,BP joins forces with Det Norske in Norway,0.24
185,Shire proposes $30 bln all-share tie-up with Baxalta,0.269
186,Tesco sales rise shows tentative recovery continues,0.256
187,Valeant Names Interim Leader as CEO Remains Hospitalized,0.0
188,AstraZeneca weighing up Acerta bid to secure blood cancer drug,0.28400000000000003
189,BP asks for lower fine in penalty phase of Gulf spill trial,-0.16
190,MarketsShire up 2.5% and Baxalta up 6% on $32bn deal,0.487
191,"Warren Buffett's Awesome Feat at Berkshire Hathaway, Revisited",0.156
192,Lloyds Banking Group's share price lifts amid reports bank is poised to axe hundreds of UK jobs,0.292
193,SSE cuts gas prices by 4.1% to become fifth of 'Big Six' providers to slash energy ...,-0.17300000000000001
194,Silicon Fen' champion brings exacting approach to Rolls-Royce,0.099
195,Tesco Said to Discuss Central and Eastern European Unit Sale,0.364
196,Glencore launches refinancing of credit line,0.199
197,Should You Follow Berkshire Hathaway Into Apple Stock?,0.023
198,UK WINNERS & LOSERS: Aviva And Friends Life Lead FTSE 100 Gainers,0.516
199,FDA approves Shire's Vyvanse for binge-eating disorder,0.291
200,Entertainment One dispels ITV takeover rumours,0.138
201,"Despite sales growth, UK's Tesco cautions recovery to be bumpy",-0.077
202,Oil Giant Shell to Cut Around 2800 Jobs Amid BG Takeover,-0.5640000000000001
203,BAE Systems banks on US defence spending to fix sales slide,-0.069
204,UK Christmas power demand to be lowest in 16 years â€“ National Grid,-0.334
205,CompaniesCompass serves up half year profit rise,0.426
206,UK MORNING BRIEFING: Sky And Hargreaves Lansdown Bookend FTSE 100,-0.15
207,InterContinental Hotels Group share price climbs on $1.5bn special dividend,0.631
208,AstraZeneca in Talks to Buy Cancer Drug Developer Acerta Pharma,0.21
209,Amazon to attack UK grocery market with Morrisons deal,0.34900000000000003
210,Tesco made a bit of a crucial error in this promotion for Ramadan...,-0.265
211,"Falling oil prices hurt Hunting, Weir Group",-0.553
212,Morning Agenda: Shire's Deal for NPS,0.195
213,AstraZeneca wins FDA approval for key new lung cancer pill,0.549
214,FCA set to fine Lloyds record Â£100m over PPI,-0.84
215,"Barclays's Next CEO Should Be Investment Banker, Aberdeen Says",0.1
216,RBS and Barclays shares temporarily suspended amid heavily losses,-0.971
217,Shire to buy NPS for $5.2 billion to boost rare disease drugs,0.23500000000000001
218,Tesco's boardroom clearout continues,-0.168
219,BHP Billiton says no settlement yet on Brazil dam disaster,-0.2
220,Arm buoyed by race to build the internet of things,0.352
221,AstraZeneca diabetes drug combination faces delay after FDA rebuff,-0.391
222,Amazon's grocery deal with Morrisons is only the beginning,0.389
223,BAE Systems's sales boosted by European Typhoon and currencies,0.39
224,CompaniesAberdeen Asset Mgt reports 10th consecutive quarterly outflows,-0.612
225,Barclays CEO poaches risk head from JP Morgan,-0.1
226,BP signs $12 billion energy deal in Egypt,0.48
227,Shire says internal synergy goals from Baxalta deal higher,0.23
228,WPP wins race for 'programmatic buying' agency Essence Digital,0.299
229,Drugmaker Shire to buy Baxalta for $32 billion after 6-month pursuit,0.75
230,AstraZeneca investment eats into profit,-0.064
231,"AstraZeneca bags another cancer drug deal, this time with Inovio",0.316
232,CompaniesCentrica shares drop 7% amid capital raise,-0.429
233,Miners Meltdown as BHP to Rio Tinto Sink in Commodities Rout,-0.665
234,UPDATE 1-Britain's Tullow says makes new oil find in Kenya,0.402
235,Britain's power supplies enough to meet winter demand - National Grid,0.279
236,Barclays PLC & Lloyds Banking Group PLC Are The 2 Banks I'd Buy Today,0.434
237,UPDATE 3-Buffett's Berkshire raises oil bet with Kinder Morgan stake,0.189
238,"UPDATE: EasyJet Passenger Numbers, Aer Lingus Traffic Up In February",0.315
239,PRESS: US High-Frequency Lawsuit Against Barclays Dismissed - Reuters,0.231
240,Shell CEO van Beurden's remuneration fell in 2015,-0.1
241,"Aberdeen AM posts H1 outflows, says conditions to remain challenging",-0.364
242,"Kraft, Cadbury's and Britvic in Total Recall: how pulling a product affects profit",-0.179
243,Shell seeks to remove Greenpeace activists from oil rig,-0.035
244,"UPDATE 3-BP settles oil spill-related claims with Halliburton, Transocean",-0.121
245,Pearson Forecasts Rising Earnings as Reorganization Pays Off,0.386
246,Morrisons faces festive sales test,-0.113
247,Aviva shuts Friends Life head office in rapid integration move,-0.09
248,Tesco to pay Â£8m to settle class-action lawsuit after accounting scandal,-0.323
249,UPDATE 3-Stifel to buy former Lehman brokerage from Barclays,0.164
250,CompaniesRoyal Mail stake sale delivers Â£750m for taxpayer,-0.109
251,NYSE owner ICE may gatecrash Deutsche Boerse-LSE merger,0.056
252,Spain's Caixabank launches new takeover bid for Banco BPI,0.185
253,Former Aviva Investors analyst Mothahir Miah banned and fined Â£139000 by FCA ...,-0.373
254,ARM shrugs off smartphone slowdown as newer designs win share,0.178
255,UPDATE 1-Petrofac posts net loss hurt by Shetland Islands project costs,-0.446
256,Do it for me' trend underpins UK sales growth at Kingfisher,0.304
257,RBS invites pitches for broker role ahead of privatisation - sources,0.2
258,Bunzl delivers small profit increase for 2014,0.247
259,AB InBev Holds Talks With Regulators About California Deals,-0.018000000000000002
260,CompaniesMorrison evicted from FTSE 100 as Worldpay joins,-0.452
261,Barclays denies deferred prosecution offer from SFO,-0.196
262,LONDON MIDDAY BRIEFING: Kingfisher's French Expansion Hits The Rocks,-0.377
263,"PRESS: Serco Set To Appoint Roy Gardner, Ex-Centrica, As Chairman - FT",0.122
264,Tesco chief excutive Dave Lewis sees 'encouraging signs' despite profits tumble,0.211
265,"EasyJet ""Sneakairs"": Airline is testing smart shoes to help customers explore destinations",0.188
266,The Coca-Cola Company and Coca-Cola FEMSA to Acquire AdeS Soy-Based Beverage Business From Unilever,0.293
267,SSE faces profiteering accusations despite 5.3% cut in gas charges,-0.31
268,CompaniesRBS pulls a surprise: a 27% jump in profits,0.643
269,"Shell, Chevron Await LNG's Return From `Pause Mode'",0.067
270,Barclays settles with US investors over Libor manipulation,0.28500000000000003
271,"Tesco says recovery on track, asks investors to be patient",0.19
272,"Should you buy Associated British Foods plc, Great Portland Estates plc and Dunelm Group plc following today's news?",0.14
273,"UPDATE 1-Nomura, RBS must pay $806 mln in mortgage bond case-US judge",-0.6900000000000001
274,National Grid profit up 15%; gas sale on track,0.368
275,AstraZeneca chases Acerta to secure next cancer drug winner,0.519
276,"Prudential capital ratio beats forecasts, confirms UK head",0.337
277,CompaniesEx-City watchdog Turner joins Prudential board,0.0
278,"Militants fire rockets at Algerian BP/Statoil gas plant, no casualties",-0.444
279,BG Group Still Happy With Shell's $70 Billion Offer,0.23500000000000001
280,CompaniesAstraZeneca wins nod for 'blockbuster' hopeful,0.499
281,Shell to Lay Off Another 2200 Staff,-0.222
282,Carnival Corporation and China Merchants Group Sign Memo of Understanding ...,0.099
283,CompaniesDiageo stays neutral on India boardroom turmoil,0.0
284,Tesco to 'axe 10000 jobs' in 'simplification' drive to cut costs by 30 per cent,0.2
285,Barclays poised to replace Sir Mike Rake as he heads for exit,0.077
286,Tesco bans sugary drinks in â€œchildhood obesity driveâ€퀀,0.02
287,Tata Steel working with StanChart for UK unit sale - source,0.14300000000000002
288,Sainsbury's share price: Grocer launches click-and-collect,0.021
289,AO World shares tumble on profit warning,-0.8150000000000001
290,Shell Targets Gains From Brazil to LNG With Takeover of BG Group,0.148
291,Glencore tells investors it is on track to reduce debt: Barclays,0.278
292,Whitbread boss Andy Harrison defends sales fall as 'just a blip',-0.1
293,Borealis Infrastructure putting together new Severn Trent bid,0.214
294,AstraZeneca sells US drug rights to Perrigo for $380 mln,0.326
295,Aggreko 2015 Profit Declines - Quick Facts,-0.441
296,Pearson lags as UK's FTSE slips off record high,-0.372
297,RBS hands Â£3.3m of shares to top staff,0.12
298,Glencore sells agriculture stake for $2.5bn,0.423
299,Barclays says has spent $150 million on US 'living will',-0.075
300,RBS share price: Group plans to slash 600 jobs,-0.457
301,TRLPC - CRH backs Lafarge Holcim asset buy with 6.5 bln euro bridge loan,0.365
302,"Eurozone bank lending continues to recover, slowly, Barclays says",0.35000000000000003
303,RBS breaks with past by tearing investment bank apart,-0.05
304,Aberdeen Asset Management Gains Foothold In China,0.357
305,BP to pay investors $175m over Gulf spill claims,-0.637
306,Persimmon sees post-election pick-up,0.253
307,Fewer multi-buys hurt Sainsbury's market share,-0.35100000000000003
308,Australia clears AB Inbev's $100 billion SABMiller buyout plan,0.437
309,"London open: Taylor Wimpey and Ashtead drive markets higher, Barclays falls",0.508
310,AstraZeneca profit down as sales of stalwarts fade,-0.405
311,Tesco Mobile Partners with Unlockd to Change the Way Consumers Use and Pay for Their Mobile Phones,0.439
312,Associated British Foods helps FTSE to rebound,0.366
313,Why Shell Cut Ties to Conservative Lobby Group Over Climate Change,0.0
314,Johnson Matthey sells research chemicals unit to Thermo Scientific,0.28600000000000003
315,Tesco rebounds as buyers sense a bargain,0.546
316,"Valeant CEO Returns From Leave, Company Withdraws Guidance",0.001
317,AstraZeneca shares climb 3% as drug maker ups profits forecasts,0.64
318,"FastJet slams EasyJet founder Stelios for going public, is ""taking legal advice"" over letter about contractual ...",-0.23800000000000002
319,"Failure of leadership' behind Tesco troubles, says former CEO Leahy",-0.279
320,British American Tobacco says would fight UK 'plain packaging' law,-0.116
321,"Hammerson, JV Partner secure ownership of Ireland's Dundrum - Quick Facts",0.427
322,Asahi could be about to snap up more of SABMiller's beers ahead of AB InBev sale,0.329
323,"Are ARM Holdings plc, Domino's Pizza Group plc and ASOS plc 3 must-have growth stocks?",0.0
324,Persimmon reports strong trading despite EU vote and planning delays,0.359
325,NYSE owner ICE considers offer for LSE,0.096
326,CompaniesSanofi poaches immunology expert from AstraZeneca,-0.085
327,Mylan Appoints Ranjan Ray Chaudhuri as Global Commercial Lead for Mylan's Over ...,0.0
328,BP ends 27-year sponsorship of Tate as falling oil price takes toll,-0.293
329,Royal Dutch Shell pulls plug on Arctic exploration,-0.38
330,Horizonte acquires neighbouring Glencore nickel property in Brazil,0.258
331,"Standard Chartered, RBS Escape Capital Raising in Stress Test",0.321
332,FDA approves AstraZeneca drug for advanced lung cancer,0.507
333,Barclays poaches new chief operating officer Paul Compton from JP Morgan Chase,0.105
334,"Water utility Severn Trent ups savings forecast, FY profit falls",0.177
335,Reed Elsevier shares cool after profit dip,-0.369
336,BAE Systems lines up oil exec Woodburn as next CEO -source,0.074
337,Diageo share price: Group issues half-year update,0.0
338,CompaniesDiageo moves CFO to lead North American business,0.0
339,"RBS, Lloyds Most Exposed to Commercial Property, JPMorgan Says",-0.2
340,Legal & General share price: Finance chief to step down,-0.166
341,CompaniesLSE adds ex-SEC head Schapiro to board,0.076
342,"European shares fall on Chinese import data, SABMiller soars",0.353
343,"News FeedSchroders books solid earnings growth, several board changes",0.5
344,"Valeant, AstraZeneca strike psoriasis drug deal",0.23800000000000002
345,Barclays considers acquisition to help split off retail arm,0.252
346,CFTC fines Barclays $560000 for inaccurate swaps position reports,-0.732
347,Merged LSE and Deutsche BÃ¶rse would be led by Germany's Kengeter,0.146
348,Tesco turnaround gathers pace under new CEO,0.426
349,"Tesco, Asda sales fall as march of the discounters continues: Kantar",-0.398
350,"METALS-Zinc soars 10 pct, fuelling metals surge after Glencore cuts output",0.253
351,BP cuts capex for third time this year to deal with weak oil,-0.268
352,Aspen to Buy Anaesthetics From AstraZeneca for $520 Million,0.395
353,Sainsbury chief warns of squeeze on high street retailers,-0.397
354,US sanctions put Gazprom-Shell alliance plans in jeopardy,-0.314
355,UPDATE 6-Royal Dutch Shell pulls plug on Arctic exploration,-0.40700000000000003
356,AB InBev to Sell SABMiller Stake in China's Snow Beer,0.004
357,Persimmon share price climbs on 23% rise in full-year revenue,0.975
358,Royal Mail hands chief executive Moya Greene a 13% rise in her pay package,0.053
359,Travis Perkins to create 4000 jobs,0.53
360,LSE-Deutsche BÃ¶rse dealmakers wrong to ignore Brexit risk,-0.41500000000000004
361,Britain cuts Lloyds Banking Group stake to below 17 pct,-0.317
362,LONDON MORNING BRIEFING: HSBC And Standard Chartered Shares Rise,0.543
363,BP Reports $583 Million Loss in First Quarter,-0.741
364,"Britain's FTSE led lower by ITV, William Hill",-0.637
365,Barclays set to name former JPMorgan banker Staley as new CEO,0.0
366,Friday Papers: Sir Philip Green sells BHS for Â£1,0.157
367,"Warren Buffett's Berkshire adds to favorites IBM, Wells Fargo",0.25
368,Spain's CaixaBank Expects To Close Deal For Banco BPI,0.375
369,How Kraft-Heinz Merger Came Together in Speedy 10 Weeks,0.214
370,Persimmon revenues lifted 12% by post-election confidence,0.384
371,REFILE-Aviva Investors to move 34 bln euros in assets from AXA fund arm,0.163
372,US urges final approval of $20 billion BP oil spill pact,-0.355
373,Diageo Sells Ryder Cup Venue Gleneagles Hotel to Ennismore Group,0.23700000000000002
374,UPDATE 1-GSK-linked investigator freed early from China jail - source,0.2
375,"FTSE hits three-week low as financials, Tesco fall",-0.612
376,LSE-Deutsche BÃ¶rse dealmakers wrong to ignore Brexit risk,-0.47300000000000003
377,Weir Group offloads two renewables units,0.09
378,Aggreko says first half profits will be lower as the oil price rout claims its latest victim,-0.546
379,"Industry NewsRevenue, earnings take a tumble at Weir Group",-0.627
380,"News FeedFTSE 100 movers: Ashtead jumps on strong interims; Glencore, BP in ...",0.461
381,"Sharm el-Sheikh travel disruption: British Airways, EasyJet, Thomson and ...",-0.6000000000000001
382,London stock exchange shareholders vote on merger deal under Brexit cloud,-0.359
383,"UPDATE: AstraZeneca's Selumetinib Gets Orphan Drug Label, Good AZD9291 ...",0.289
384,Intercontinental Exchange Opts Not to Bid for London Stock Exchange,-0.127
385,Dave Lewis paid Â£4.1m for first 6 months at Tesco,-0.15
386,Weir Group says first-half profits will be 'slightly ahead' of expectations,0.323
387,Glencore Sells $2.5 Billion Stake in Agriculture Unit,0.259
388,AstraZeneca : FDA Panel Reviews Savor Study Results For Onglyza ...,0.075
389,Hargreaves Lansdown bucks weak markets to see assets rise 2.6 percent,0.5710000000000001
390,"Britain's FTSE hits three-week low as financials, Tesco fall",-0.6910000000000001
391,Trading ExpertBROKER RECOMMENDATIONSUBS ups RBS to 'buy' as it re-initiates coverage on UK banks,0.833
392,"3G Capital, Warren Buffett's Favorite Partner in Deals Worth Billions",0.247
393,Shell's $70 Billion BG Deal Meets Shareholder Skepticism,-0.34500000000000003
394,GKN to buy Fokker Technologies for 706 mln euros,0.276
395,Questor share tip: Mondi shares jump 10pc on strong start,0.789
396,"Berkshire discloses unit's ties to Iran, opens probe",-0.28800000000000003
397,"Rio Tinto swings to loss, drops dividend policy",-0.511
398,Rio Tinto Reaffirms Goal for Iron Ore Output,0.309
399,Shares in easyJet fall to three-year low after Brexit profit warning,-0.804
400,Shire share price: Group releases full-year results,0.4
401,AstraZeneca share price: Company to carve out antibiotic R&D unit into separate ...,0.219
402,Ex-Barclays Trader Johnson Pleaded Guilty to Libor Fixing,-0.426
403,SABMiller buys Meantime to quench thirst for craft beer,0.41500000000000004
404,Standard Chartered to slash costs as profits plunge 25%,-0.78
405,Buffett's Berkshire delivers 9.8% profit growth,0.668
406,"Rio Tinto CEO Sam Walsh rejects fears over China growth, demand",0.114
407,CompaniesShell sells stake in Showa Shell Sekiyu for $1.4bn,-0.036000000000000004
408,Reed Elsevier to rename itself RELX Group,0.0
409,Sotheby's chairman takes his final sale,-0.06
410,Insight hires Aviva's David Hillier for multi-asset team,0.137
411,Shell offers 50 percent premium to buy BG for $70 billion,0.393
412,Novartis buys remaining rights to GSK treatment in deal up to $1 billion,0.217
413,AB InBev to sell Peroni and Grolsch,0.256
414,Unilever posts weaker-than-expected fourth quarter,-0.373
415,UPDATE 1-Dairy Crest loses a third of Morrisons milk contract,-0.161
416,Rolls-Royce Wins $9.2 Billion Order From Emirates Airline,0.724
417,Entertainment One dispels ITV takeover rumours,0.003
418,NYSE owner ICE considers offer for LSE,0.396
419,Novartis buys remaining rights to GSK treatment in deal up to $1 billion,0.276
420,"EU drops Shell, BP, Statoil from ethanol benchmark investigation",0.262
421,"HSBC Preparing Job Cuts That May Target 20000 Workers, Sky Says",-0.5
422,"UPDATE 3-BP settles oil spill-related claims with Halliburton, Transocean",-0.388
423,"PRESS: Serco Set To Appoint Roy Gardner, Ex-Centrica, As Chairman - FT",0.195
424,RBS bosses ordered to go out and meet small firms,0.1
425,AB InBev offers to sell some SABMiller brands,0.20700000000000002
426,RPT-UK supermarkets braced for battle as Tesco comes out fighting,0.155
427,"UPDATE 1-Glencore flags sale of some Australia, Chile assets",0.166
428,Barclays says not been offered deferred prosecution deal by SFO,0.1
429,Aviva promises higher dividends to boost flagging share price,0.281
430,Brewer AB InBev seeks $275 bln tie-up with SABMiller,0.278
431,Intercontinental Exchange Opts Not to Bid for London Stock Exchange,-0.303
432,"Glencore Cuts 2015 Budget, Plans To Divest From Lonmin",-0.26
433,HSBC Posts Surprise Fourth-Quarter Pretax Loss of $858 Million,-0.756
434,Earnings surge as fund manager Schroders reports a record year,0.9420000000000001
435,Eurocrat left best-placed to unravel London Stock Exchange deal,-0.352
436,Lawmakers worry AB InBev beer deal will hurt craft brewers,-0.033
437,StanLife leads FTSE after strong earnings,0.8150000000000001
438,Lloyds Banking Group eyes return to dealmaking with MBNA bid,0.365
439,Anheuser-Busch InBev Increases Offer for Rival SABMiller,0.24
440,"UK government sells more Lloyds shares, cuts stake to below 12 percent",-0.532
441,Kinder Morgan and BP Form Joint Venture Limited Liability Company to Purchase ...,0.225
442,Tesco says UK store closures put 2000 jobs at risk,-0.25
443,Tesco Versus Sainsbury: Weight-Watcher vs. Bodybuilder,0.213
444,"Buffett talks wind energy, Coca-Cola at Berkshire meeting",0.089
445,TSB boss: Current account switching must be simpler,-0.083
446,Barclays CEO Staley Says Brexit Slump Caused by Profit Fears,-0.253
447,Retailers Kingfisher and Sports Direct rise in Britain's share index,0.467
448,Berkshire Shareholders Pepper Warren Buffett With Some Hard Questions,-0.161
449,"GLOBAL MARKETS-Stocks gain on Royal Dutch Shell bid, oil slumps",0.28400000000000003
450,EasyJet Dismisses Lufthansa Low-Cost Plan in Contest for Germany,-0.013000000000000001
451,AstraZeneca says new lung cancer pill Tagrisso approved by EU,0.481
452,Two former Barclays traders face retrial over Libor,-0.743
453,MarketsBP promotes upstream boss to deputy CEO,0.066
454,"Glencore swings to loss, will sell more assets",-0.5650000000000001
455,Shell to buy BG Group in $69.7 billion takeover,0.25
456,Clydesdale Bank hit with record PPI fine for 'unacceptable' staff lies,-0.707
457,UK's FTSE climbs to record closing high as Standard Chartered surges,0.763
458,US judge rules that BP spill smaller than feared,0.018000000000000002
459,Royal Mail Revenue Flat As Letters Weakness Offsets Parcels Strength,0.0
460,"AB InBev launches SAB bid, to sell MillerCoors stake",0.053
461,ARM Royalties Accelerate as Smartphone Market Regains Strength,0.5710000000000001
462,Shell fined by Scottish court for 2011 North Sea oil spill,-0.6930000000000001
463,Glencore chief blames rivals' overproduction for share price fall,-0.301
464,"Ackman, in email, says supports Valeant CEO Pearson",0.166
465,GlaxoSmithKline's CEO Witty to bow out in March 2017,-0.12
466,Standard Life shuts Â£2.9bn property fund after investors rush to withdraw money post-Brexit,-0.706
467,Shire CEO steps up drive to get Baxalta board talking,0.124
468,FTSE slide halted by BP's Â£12bn US settlement - London Report,-0.4
469,Sainsbury's pressed to raise bid for Home Retail Group,-0.012
470,"FDA approves NPS drug, in move validating Shire takeover deal",0.364
471,Sanofi poaches AstraZeneca scientist as new research head,0.066
472,CompaniesSanofi poaches immunology expert from AstraZeneca,0.188
473,ITV to pursue takeover of Canada's Entertainment One: Bloomberg,0.199
474,"Broker tips: RBS, Croda, Sage",0.381
475,"Royal Mail, Johnson Matthey lead FTSE lower",-0.438
476,Industry NewsWhitbread sales sink in fourth quarter on Costa slowdown,-0.562
477,Diageo and Carlsberg hit as Russians suffer from oil price collapse and rouble ...,-0.468
478,GlaxoSmithKline share price slips as FDA okays asthma therapy only for adults,-0.40800000000000003
479,Report: Financial Times up for sale,-0.052000000000000005
480,Glencore raises $2.5bn through share placing to help cut debt load,0.124
481,BP joins forces with Det Norske in Norway,0.248
482,No pay hikes this year at Rio Tinto as mining slump bites,-0.387
483,"Nine banks including Barclays, Citi, agree to pay $2 billion to settle forex ...",-0.647
484,Warren Buffett's Berkshire Hathaway buys stake in Apple,0.989
485,"Broker tips: RBS, Croda, Sage",0.391
486,London Stock Exchange seals Â£22 billion merger with Germany's Deutsche BÃ¶rse,0.29
487,FTSE steadies around 2-month low Diageo shares surge,0.361
488,"Glencore Cuts 2015 Budget, Plans To Divest From Lonmin",-0.314
489,London Stock Exchange Shareholders Approve Merger With Deutsche BÃ¶rse,0.406
490,"We'd support HSBC leaving London, says Standard Life",0.029
491,News FeedFTSE 100 movers: LSE surges as ICE says mulling offer; Ashtead and Barclays tank,0.226
492,CompaniesTesco bumps up pay for store staff,0.084
493,BP pay boss feels the heat from revolt over Dudley's Â£14 million,-0.179
494,UPDATE 3-Stifel to buy former Lehman brokerage from Barclays,0.149
495,Shell Plans to Shed 2800 Jobs After Buying BG Group,-0.451
496,"Old Mutual to split up, may list some businesses",0.164
497,"RBS, Lloyds Most Exposed to Commercial Property, JPMorgan Says",-0.2
498,CompaniesKingfisher bid for Mr Bricolage runs into trouble,-0.253
499,EasyJet to pass on lower fuel prices to customers,0.093
500,Tesco loses two more directors as Garfield and Tammenoms step down,-0.267
501,The UK Government's Call To Sell Shares In Royal Bank Of Scotland Group plc ...,-0.295
502,Credit Suisse poaches Prudential's Thiam for Asian push,-0.031
503,"Should You Buy Jumbo Yielders British American Tobacco plc, Centrica PLC & John Wood Group PLC?",0.10300000000000001
504,Britain's FTSE eyes 7th straight daily rise; Wolseley lags,-0.31
505,EU regulator backs approval for GSK injectable asthma drug,0.379
506,Rolls-Royce to Ensure Compliance After Petrobras Bribery Report,-0.075
507,LSE gets Hong Kong regulatory nod to HK firms to become LSE members,0.247
508,"Warren Buffett's Berkshire adds to favorites IBM, Wells Fargo",0.422
509,Canadian Pension fund Borealis renews pursuit of Severn Trent : report,0.357
510,ITV merger reports boost Footsie stocks,0.42
511,"Kraft, Cadbury's and Britvic in Total Recall: how pulling a product affects profit",-0.158
512,Wolseley helps lift FTSE from losses,0.47000000000000003
513,Novo Nordisk and AstraZeneca seek tonic from key drug trials,0.098
514,"Saudi Aramco, Shell plan to break up Motiva, divide up assets",-0.14200000000000002
515,CommentOpening Quote: pay day moans; profits slump for Lloyds; Mars mission,-0.512
516,AstraZeneca sells Caprelsa rights to Sanofi unit,0.242
517,Industry NewsWood Group wins multi-million dollar contract with BP,0.436
518,Royal Mail and workers' union agree pay deal,0.20800000000000002
519,Lloyds wins right to buy bonds back early to save 1 billion pounds,0.369
520,"Britain's FTSE buoyed by Admiral, building sector gains",0.669
521,Tesco share price: Brand Guarantee comes under fire,-0.209
522,"FTSE led lower by M&S, GlaxoSmithKline",-0.448
523,FTSE edges up as investors cheer Kingfisher results,0.678
524,HSBC chief hit with tax-avoidance scandal,-0.528
525,British government stake in Lloyds Banking Group fa,-0.1
526,AstraZeneca's $727 million play to do away with chemotherapy,0.295
527,HSBC appoints business leaders to board,0.154
528,Diageo and Carlsberg hit as Russians suffer from oil price collapse and rouble ...,-0.483
529,"Buffett's Berkshire builds Deere stake, dumps Exxon",0.316
530,BUZZ-BG Group: outperforms sector after record output,0.853
531,Teva First-Quarter Net Rises 11% Amid Mylan Takeover Battle,0.652
532,"After Barclays and Bank of America, Citigroup has blockchain in sight",0.224
533,"Industry NewsG4S makes 'positive' start to year, no new impairments",0.327
534,Morrisons helps FTSE edge higher energy shares slip,0.376
535,Old Mutual share price: Wealth unit seen as blue-chip company,0.666
536,CompaniesUnilever sales lifted by ice cream in soft economy,0.383
537,InterContinental Hotels first-quarter global room revenue lags estimates,-0.329
538,"Bunzl backs 2015 view, buys more businesses",0.487
539,Bidders Abandon Auction Of Tesco Data Unit,-0.358
540,"EU drops Shell, BP, Statoil from ethanol benchmark investigation",0.276
541,Euro zone QE helps Standard Life first-quarter funds boost,0.426
542,Smith & Nephew 2015 trading profit beats expectations,0.5650000000000001
543,Closely watched AstraZeneca cancer drug fails in mesothelioma,-0.5680000000000001
544,Glencore slumps 25 pct as debt fears grow,-0.718
545,Rolls-Royce to Ensure Compliance After Petrobras Bribery Report,-0.247
546,AB InBev offers SABMiller $3 billion breakup fee,0.197
547,Barclays Executive Harrison Denies Knowledge of Libor Fixing,-0.24
548,Standard Life hit by 'unprecedented' number of calls on pension freedoms,-0.28200000000000003
549,Renewed AB InBev Bid for SABMiller Ups Stake in Beer Battle,0.232
550,CompaniesAB InBev signals it won't go hostile for SABMiller,0.11900000000000001
551,Meggitt Acquires Cobham Advanced Composites Unit For USD200 Million,0.28200000000000003
552,LSE Group names former SEC head Schapiro non-executive director,0.01
553,IAG closes in on Aer Lingus with increased offer,0.246
554,US sanctions put Gazprom-Shell alliance plans in jeopardy,-0.353
555,AstraZeneca Teams With Daiichi Sankyo To Sell Movantik In US,0.369
556,Analyst Views: Astrazeneca shares have seen recent volatility; what will 2015 ...,-0.12
557,"OCBC to Buy Barclay's Wealth Management Unit in Singapore, Hong Kong",0.267
558,BP agrees to $18.7B penalty for oil spill; the tricky science behind ...,-0.8300000000000001
559,AstraZeneca's MedImmune Inks Licensing Deal With Omnis Pharmaceuticals,0.295
560,NYSE owner ICE may gatecrash Deutsche Boerse-LSE merger,-0.2
561,"Aldi and Lidl expansion plans speed ahead as Tesco, Sainsbury's, Morrisons ...",0.456
562,Compass Group says positive for year ahead,0.634
563,Pearson expects to return to growth this year,0.23800000000000002
564,Rolls-Royce Wins $9.2 Billion Order From Emirates Airline,0.777
565,Unilever head's resignation sparks spinoff talk,0.073
566,AstraZeneca wins US approval for longer use of blood thinner,0.447
567,BAE Systems cuts earnings target for 2015 and 370 jobs,-0.631
568,Morrisons and Debenhams surprise City with Christmas bounce back,0.5730000000000001
569,Whitbread to hike prices to offset 'substantial' national living wage bill,-0.122
570,"DBS, Julius Baer emerge as potential bidders for Barclays Asia wealth unit ...",0.31
571,CompaniesCar insurer Hastings Group driving Â£180m IPO,0.302
572,GlaxoSmithKline starts hunt for successor to CEO Witty,0.0
573,National Grid's pretax profit rises 15 percent,0.727
574,"Britain's FTSE steadies, supported by Dixons Carphone",0.329
575,CRH's concrete bid for Holcim Lafarge assets,0.163
576,UK's Morrisons in talks to sell convenience stores - source,-0.169
577,"HSBC keeps headquarters in London, rejects move to Hong Kong",0.058
578,Shell share price: Standard Life announce position against BG acquisition,-0.099
579,"EU regulators clear $100 billion-plus AB InBev, SABMiller deal",0.392
580,Secretive Barclays deal involved Qatari clients,-0.15
581,British American Tobacco first-half sales hurt by currency moves,-0.34600000000000003
582,"European shares plunge, roiled by BHP and oil; hopes turn to ECB",-0.736
583,Tullow Oil eyes lower earnings as output falls,-0.48
584,"U.K. Stocks Little Changed Near Record as Barclays, Shell Fall",-0.508
585,BG Group ships first LNG From Queensland Curtis,0.252
586,Trading ExpertBROKER RECOMMENDATIONSAnalysts mostly negative on Aberdeen but some see value,-0.34500000000000003
587,"MarketsUBS, Goldman Sachs cut metals forecasts",-0.311
588,CompaniesKingfisher bid for Mr Bricolage runs into trouble,-0.313
589,CompaniesUK government lines up Â£2bn Lloyds retail share sale,-0.24
590,"UPDATE 1-AstraZeneca buys ZS Pharma for $2.7 billion, pips Actelion",0.468
591,UPDATE 3-Auto Trader shares leap in UK's biggest private equity-backed listing,0.641
592,Standard Chartered Will Close Equity Sales and Research Business,-0.243
593,CompaniesNational Grid lines up sale of gas business,0.136
594,2 Turnaround Buys For 2016? BHP Billiton plc And Home Retail Group Plc,0.462
595,Prudential knocked after investors withdraw Â£3.9bn from M&G,-0.778
596,US walrus protections hit Shell's Arctic drilling plan,-0.264
597,Severn Trent Profit Offsets Interest Rate Swap Losses,0.11900000000000001
598,CompaniesTullow says gas exports at key field disrupted,-0.274
599,"AstraZeneca bags another cancer drug deal, this time with Inovio",0.259
600,"Tesco, Asda sales fall as march of the discounters continues-Kantar",-0.356
601,"We'd support HSBC leaving London, says Standard Life",0.026000000000000002
602,Severn Trent profit up as customer complaints fall,0.47200000000000003
603,US dollar wipes out sales gains for SABMiller,-0.582
604,"AstraZeneca digs into precision medicine with lung, heart deals",0.20500000000000002
605,Lloyds Banking Group to cut 640 jobs and close 23 branches,0.28700000000000003
606,London Stock Exchange Group's quarterly revenue rises 12 percent,0.726
607,News FeedFTSE 100 movers: LSE surges as ICE says mulling offer; Ashtead and Barclays tank,-0.713
608,Dixons Carphone Profit Beats Forecast in First Year Since Merger,0.5690000000000001
609,PRESS: HSBC Chairman Hints Bank May Retain UK Domicile - Tel,0.037
610,"Associated British Foods Profit Hit by Strong Sterling, Tough Sugar Business",-0.466
611,Former Schroders trader sentenced to 2 years in prison,-0.555
612,GSK and Novartis complete deals to reshape both drugmakers,0.264
613,Barclays Names Mike Bagguley as Chief Operating Officer of Investment Bank,0.0
614,BHP Billiton share price: Brazil to sue Samarco for Â£3.5bn,-0.28500000000000003
615,"Should you buy Associated British Foods plc, Great Portland Estates plc and Dunelm Group plc following today's news?",0.11900000000000001
616,Barclays hit with record fine as six banks settle forex scandal,-0.771
617,UK Serious Fraud Office Seeks Retrial of Two Former Barclays Libor Traders,-0.604
618,Cuadrilla files to delay application to frack in Lancashire,-0.41600000000000004
619,GlaxoSmithKline hails progress with lung disease treatment,0.578
620,Morrisons escapes FTSE relegation,0.177
621,ITV Acquires 'Poldark' Production Company Mammoth Screen,0.197
622,RPT-UPDATE 2-Former Jefferies trader Litvak's conviction overturned,0.1
623,Tesco Sales Deteriorate Ahead of Crucial Christmas Period,-0.552
624,"Barclays, Credit Suisse strike record deals with SEC, NY over dark pools",-0.896
625,Tesco sells Blinkbox and broadband service to TalkTalk,0.136
626,"Hammerson, JV Partner secure ownership of Ireland's Dundrum - Quick Facts",0.381
627,UPDATE 1-Berkshire applies to boost Wells Fargo stake above 10 pct,0.432
628,Travis Perkins Hikes Dividend 20% As Profit And Revenue Rise,0.769
629,GSK reveals strong trial results for shingles drug,0.402
630,Experian says receives class actions related to T-Mobile breach,-0.6980000000000001
631,Shell shells out over Nigeria oil spill,-0.386
632,Tesco to pay $12 million to settle US lawsuit,-0.311
633,"FTSE 100 moves lower, but HSBC outperforms",0.513
634,Meggitt share price tumbles as profit falls in 'challenging year',-0.854
635,BG Group Still Happy With Shell's $70 Billion Offer,0.267
636,AB InBev attacks SABMiller bid rebuffal,-0.158
637,Aberdeen to raise 100 mln stg to seed new funds,0.337
638,Sales boost for new Morrisons chief David Potts as Tesco turnaround stalls,-0.41000000000000003
639,The Latest: Buffett says cuts will pay off at Kraft Heinz,0.41300000000000003
640,Glencore Studies Possible IPO for Agricultural Trading Business,0.40800000000000003
641,"OCBC to Buy Barclay's Wealth Management Unit in Singapore, Hong Kong",0.257
642,Gabon Considering Back Tax Penalties Against Royal Dutch Shell,-0.426
643,"Barclays picks ex-JPMorgan exec Staley as new CEO, to start Dec 1",0.0
644,Insight hires Aviva's David Hillier for multi-asset team,0.107
645,Struggling Morrisons pays out Â£3m to sacked boss Dalton Philips â€“ with more to ...,-0.35000000000000003
646,Government to sell off remaining 14% stake in Royal Mail,-0.607
647,United Utilities' full-year underlying operating profit falls 9 percent,-0.417
648,Tesco to close remaining Homeplus stores in UK,-0.326
649,CEO of Berkshire's Gen Re to retire; Jain's role grows,-0.07200000000000001
650,Morning Agenda: Shire's Deal for NPS,0.193
651,WPP boosts sales despite cautious clients,0.251
652,"Britain's FTSE rises, led up by Glencore surge",0.62
653,Brewer AB InBev seeks $275 bln tie-up with SABMiller,0.295
654,Tesco shareholders back ITV head for chairman,0.08
655,Kingfisher takeover of Mr Bricolage could hit a brick wall,-0.261
656,Old Mutual First-Quarter Sales Up 18% Buoyed by Emerging Markets,0.6890000000000001
657,"UPDATE 2-Prudential will see strong first-half earnings, outgoing CEO says",0.43
658,Shell challenges Exxon dominance with 47 billion-pound bid for BG,0.30000000000000004
659,RSA Insurance Hires Towergate's Egan as Chief Financial Officer,0.021
660,"GlaxoSmithKline heart drug flops in study, shingles vaccine on track",-0.224
661,ICE Said to Start Lining Up Financing for LSE Bidding War,0.328
662,"FTSE rallies off three-month low, boosted by StanChart, Sainsbury",0.465
663,Lloyds sells Irish loan portfolio for Â£827m,0.177
664,EasyJet Dismisses Lufthansa Low-Cost Plan in Contest for Germany,-0.227
665,Renewed AB InBev Bid for SABMiller Ups Stake in Beer Battle,0.23600000000000002
666,BHP's iron ore outlook holds little cheer for small miners,-0.43
667,Shire share price under pressure after $32bn Baxalta deal,-0.186
668,PRESS: Pearson Set To Announce Sale Of Financial Times - Reuters,0.11900000000000001
669,Citigroup to Sell OneMain to Springleaf for $4.25 Billion,0.28300000000000003
670,"Five years after BP oil spill, some Gulf oystermen are losing hope",-0.514
671,Walmart still selling Maryland T-shirts featuring the outline of Massachusetts,0.03
672,"GlaxoSmithKline beats profit forecasts despite Advair hit, lower margins",0.35000000000000003
673,Market Report: Eight-day rally ends for FTSE 100 and Standard Chartered,0.008
674,GlaxoSmithKline set to complete $20 billion Novartis asset swap next week,0.189
675,Tesco's Sales Pickup Isn't Enough,-0.23
676,RBS chairman admits surprise at size of regulatory penalties,-0.333
677,Persimmon sells 17% more houses in 2014,0.6890000000000001
678,CRH's concrete bid for Holcim Lafarge assets,0.28200000000000003
679,ITV strike: Broadcaster's revenue soars but staff walkout for a piece of the action,0.537
680,McEwan will be nursing RBS through more struggles yet,-0.433
681,Arm profits and sales up as shift away from mobile gains pace,0.497
682,Teva First-Quarter Net Rises 11% Amid Mylan Takeover Battle,0.58
683,Land Securities warns of rent rises,-0.138
684,Glencore shares hit 3-month high after refinancing key credit line,0.363
685,RBS becomes a shadow of its former self,-0.808
686,Sir Ken Morrison has taken a Â£6m stake in rival Sainsbury's,0.357
687,Barclays Bonds Rise as Lender Cuts Dividends to Shore Up Capital,0.261
688,UPDATE 1-Pearson expects to grow this year after solid end to 2014,0.446
689,AstraZeneca Acquires ZS Pharma in $2.7 Billion Deal,0.583
690,Market Report: Aviva tops the market as traders approve of its choice of Friends,0.443
691,Admiral and Schroders lift FTSE with profits surge,0.7010000000000001
692,Tesco closes in on new chairman with Dixons Carphone's John Allan in the frame,0.295
693,UK's FTSE hits new record highs as CRH climbs,0.432
694,GlaxoSmithKline set to complete $20 billion Novartis asset swap next week,0.292
695,Shell share price: Standard Life announce position against BG acquisition,-0.134
696,GE to Sell Majority Stake in Bank BPH's Core Bank to Alior Bank,0.213
697,"U.K. Stocks Resume Gains to Rally to Record; CRH, Tullow Climb",0.544
698,MarketsMoneysupermarket slides 11% on Barclays Brexit warning,-0.625
699,"Can Standard Chartered PLC, BP plc & Burberry Group plc Keep Charging?",0.18
700,Can Christmas Save Sainsbury's plc And Tesco plc?,-0.158
701,HSBC Says Unit to Book $585 Million Charge on Settlement,-0.434
702,FTSE boosted by Dixons Carphone with Fed in focus,0.522
703,Standard Life impresses as fee-based products offset annuities slump,0.552
704,CompaniesHome Retail trims gains but is considered 'in play',0.135
705,Intertek Group announces strategic update outlining its plan,0.046
706,Valeant CEO Pledges to Heed Critics After `Painful' Experience,-0.381
707,Industry NewsHammerson joint venture buys Dublin loan portfolio,0.275
708,AstraZeneca sells Caprelsa rights to Sanofi unit,0.233
709,Greenpeace Protest of BP Forces British Museum to Close,-0.32
710,"L&G fund arm, Nikko Asset Management sign bond fund distribution deal",0.232
711,UPDATE 2-Pricey beers lift SABMiller's quarterly underlying sales,0.429
712,"Insight - Britain's bank tax jump threatens to push HSBC, StanChart to new home",-0.147
713,Royal Mail chairman Donald Brydon set to step down,-0.374
714,Teva: FDA Approves Generic Version of AstraZeneca Heartburn Drug,0.242
715,Prudential shares halted in Hong Kong pending announcement,-0.293
716,"CompaniesPound to boost ABF for now, but mixed impact ahead",0.364
717,"EU drops Shell, BP, Statoil from ethanol benchmark investigation",0.294
718,AstraZeneca chases Acerta to secure next cancer drug winner,0.776
719,"FDA panel backs safety updates for AstraZeneca, Takeda drugs",0.14300000000000002
720,Barclays PLC & Lloyds Banking Group PLC Are The 2 Banks I'd Buy Today,0.395
721,BBCN Bancorp to buy Wilshire Bancorp in $1 bln deal,0.493
722,Payout from BP oil spill settlement tops $5 billion,-0.639
723,RSA Insurance Hires Towergate's Egan as Chief Financial Officer,0.002
724,"Berkshire Bought Apple Stake at $99.49 a Share, Filing Shows",0.46
725,Sainsbury's and Glencore give FTSE a three-digit lift - London Report,0.8140000000000001
726,BHP Billiton drags FTSE lower after slashing dividend,-0.604
727,Glencore sees Tripoli-based NOC as sole legal seller of Libyan oil,0.037
728,Unilever returns to Cuba in joint venture with state,0.28700000000000003
729,Deals Help Shrink Glencore's Mountain of Debt,0.152
730,"Aldi and Lidl expansion plans speed ahead as Tesco, Sainsbury's, Morrisons ...",0.456
731,British taxpayers' stake in Lloyds falls below 22 percent,-0.537
732,Fears Primark growth is starting to falter,-0.338
733,"U.K. Stocks Resume Gains to Rally to Record; CRH, Tullow Climb",0.674
734,Royal Bank of Scotland becomes Facebook customer,0.25
735,MOVES-Ex-shadow minister McClymont joins Aberdeen Asset Management,0.022
736,"Are Aviva plc, Direct Line Insurance Group PLC And Admiral Group plc Set To Soar?",0.324
737,Morrisons and Debenhams surprise City with Christmas bounce back,0.619
738,"FTSE ends lower on weaker miners, Tesco outperforms",0.402
739,CompaniesCoutts raids JPMorgan Chase for new CEO,-0.191
740,Philippines' San Miguel says to partner with Kirin if it bids for SABMiller's ...,0.577
741,Tesco share price down as grocer faces SFO investigation outcome,-0.542
742,"FTSE rallies off three-month low, boosted by StanChart, Sainsbury",0.334
743,"Are ARM Holdings plc, Domino's Pizza Group plc and ASOS plc 3 must-have growth stocks?",0.063
744,AstraZeneca share price: Acerta deal pays off with orphan drug status,0.317
745,Cost savings help Robinsons maker Britvic to first-half profit,0.373
746,CompaniesTesco sends supermarket shares to top of FTSE,0.583
747,"Diageo, Heineken Exchange Emerging-Market Brewing Assets",0.137
748,Protesters gather in Seattle to block access to Shell oil rig,-0.4
749,Passengers rise at EasyJet and Aer Lingus,0.34600000000000003
750,Intertek profit up 16.1%; expects to meet forecast,0.66
751,"Oil majors like Royal Dutch Shell, Chevron, BP fail to find reserves to counter ...",-0.401
752,Tesco's boss knows which side his bread is buttered,0.183
753,UPDATE 3-Ex-Barclays director accused by US of illegal tips to plumber,-0.34
754,GSK hopes big clinical trial can breath new life into lung drug,0.093
755,UPDATE: Peter Long To Be Chairman Of Both Royal Mail And TUI AG,0.0
756,Standard Chartered CEO Peter Sands to Resign After Unrest at Bank,-0.301
757,Industry NewsStrong results at Travis Perkins marred by plumbing impairment,-0.088
758,Mongolia and Rio Tinto agree $5bn Oyu Tolgoi mine expansion,0.30000000000000004
759,AstraZeneca to Buy ZS Pharma for $2.7 Billion,0.551
760,"Aviva plans to up pay-out ratio, says too soon to judge Brexit impact",0.107
761,Reluctant shareholder George Osborne loses patience with RBS,-0.28500000000000003
762,Cuadrilla and protesters await Lancashire fracking decision,-0.114
763,Currency causes full-year headaches for SABMiller,-0.428
764,Beach holiday demand helps lift clouds for easyJet,0.456
765,ARM Holdings plc Partners With International Business Machines Corp. To Drive ...,0.273
766,NYSE owner ICE may gatecrash Deutsche Boerse-LSE merger,-0.281
767,"StanChart announces $5.1 billion capital-raising plan, posts Q3 loss",-0.499
768,BT Group's third quarter revenues rise as restructure unveiled,0.5640000000000001
769,SSE share price: Peterhead station to supply voltage support to National Grid,0.253
770,Insurer Old Mutual picks Standard Bank's Hemphill as new CEO,0.025
771,Berkshire seeks to boost its Wells Fargo stake above 10 percent,0.314
772,AstraZeneca's patent on asthma drug invalidated by US court,-0.656
773,Lloyds Bank Is Said to Face Potential Fine Over Handling of Insurance Complaints,-0.468
774,Goodwin not to face Scottish prosecution over RBS,0.114
775,TOP NEWS: Barclays Profit Depressed By Foreign Exchange Provisions,-0.434
776,RBS Pays $1.7 Billion to Scrap U.K. Treasury's Dividend Rights,0.066
777,"Glencore 2014 profit in line, takes $1.1 billion charge on commodity prices",0.124
778,Morrisons share price: Group trading director departs as management cull ...,-0.158
779,Lloyds returns Â£13bn to UK taxpayer,-0.154
780,Weir leads FTSE lower after oil price profits warning,-0.59
781,Retail focus helps to shield Lloyds from banking chill,0.253
782,UPDATE 1-RBS raising $3.1 billion through issue of CoCo bonds,0.149
783,Retailers Kingfisher and Sports Direct rise in Britain's share index,0.459
784,UPDATE 1-Rio Tinto to sell aluminium assets in $1 bln deal -paper,0.262
785,EasyJet attracts more passengers in June but still lags Ryanair,0.21
786,"FastJet slams EasyJet founder Stelios for going public, is ""taking legal advice"" over letter about contractual ...",0.155
787,Barclays fined for anti-money-laundering failings,-0.811
788,CORRECTED-Shire to buy Dyax for about $5.9 bln,0.402
789,"BP, Statoil, to Withdraw Staff From Algeria Following Rocket Attack",-0.242
790,ITV shares dip after update,-0.427
791,"Centrica extends gas deals with Gazprom, Statoil",0.23900000000000002
792,Glencore shares enjoy bounce-back after Hong Kong-led surge,0.434
793,Ruling sets lower limit on potential fine for BP,-0.261
794,Sports Direct Shares Tumble as Founder Ashley Sells Shares,-0.596
795,Shell challenges Exxon dominance with 47 billion-pound bid for BG,-0.196
796,Diageo receives reports from United Spirits on financial irregularities involving ...,-0.272
797,Credit checker Experian reports fall in full-year profit,-0.39
798,Insurer Old Mutual picks Standard Bank's Hemphill as new CEO,0.022
799,Barclays reports 8% fall in annual profits,-0.724
800,Teva: FDA Approves Generic Version of AstraZeneca Heartburn Drug,0.47600000000000003
801,Balfour Beatty plc Set To Reinstate Dividend (And Rival National Grid plc And Centrica PLC Once More?),0.40800000000000003
802,Chipotle Sales Plunge as Troubled Chain Gets Federal Subpoena,-0.789
803,Shell offers 50 percent premium to buy BG for $70 billion,0.193
804,Morrisons share price: Founder's son to assist CEO with turnaround,0.137
805,UPDATE 1-EU regulator backs approval for GSK injectable asthma drug,0.418
806,Sainsbury sells unit to LloydsPharmacy,0.234
807,Former Barclays traders stand trial in Libor case,-0.329
808,Tesco share price jumps as Q3 sales top estimates,0.719
809,"South Africa approves SABMiller, Coke bottling deal with conditions",0.308
810,CompaniesActelion shares hit record on Shire takeover talk,0.34500000000000003
811,UPDATE: Aggreko Interim Profit Drops As It Undertakes Restructuring,-0.381
812,"HSBC, Standard Chartered Lead Asia Bank Rout as U.K. Votes 'Out'",-0.536
813,Standard Chartered's Shares Plunge 7% After Fitch Downgrade,-0.812
814,Standard Chartered Misses Estimates in Sands's Last Results,-0.438
815,"HSBC shakes up board with two new business chiefs, three departures",-0.074
816,Britain's FTSE slips from 2016 high as Sky falls,-0.458
817,BHP Billiton to lower copper production costs,0.31
818,Glencore Sells Shares to Raise $2.5 Billion and Reduce Debt,0.274
819,CompaniesSmith & Nephew flops 6.8% to foot of FTSE 100,-0.666
820,"Philip Morris, BAT Sue Over Law Taking Branding Off Packs",-0.152
821,Asahi could be about to snap up more of SABMiller's beers ahead of AB InBev sale,0.20700000000000002
822,Buffett's Company Reports 37 Percent Drop in 2Q Earnings,-0.5660000000000001
823,BP Judge Urged to Impose $11.7 Billion-Plus Spill Fine,-0.588
824,RBI surprises Street; Sensex pares gains after hitting mount 30k,0.89
825,"Royal Mail needs to deliver on modernisation plans, post haste",-0.046
826,Barclays CEO poaches risk head from JP Morgan,0.1
827,"Sainsbury's, Asda, Tesco and Morrisons will all cut petrol prices as oil falls ...",-0.251
828,Clydesdale Bank H1 profits weighed down by PPI charge,-0.343
829,UPDATE 1-AstraZeneca sells rare cancer drug to Sanofi for up to $300 mln,0.258
830,CompaniesDeutsche taps ex-StanChart executive for audit role,0.0
831,Cuadrilla chief Francis Egan: Scaremongering fracking opponents make me angry,-0.05
832,Investors Remain Skeptical About Shell-BG Deal,-0.266
833,Amazon to attack UK grocery market with Morrisons deal,0.333
834,Glencore tells investors it is on track to reduce debt: Barclays,0.34400000000000003
835,UPDATE 3-Barclays fined for lax crime checks in 'deal of century',-0.8290000000000001
836,Prudential hit by withdrawals from M&G investment arm,-0.704
837,Old Mutual faces backlash over Â£9m chief exec payout plan,-0.379
838,Barclays backs new iPhone and Android app that lets users send each other money using a bitcoin network,0.147
839,Diageo Sells Ryder Cup Venue Gleneagles Hotel to Ennismore Group,0.198
840,Lloyds to cut 945 jobs as part of three-year restructuring strategy,-0.532
841,CommentOpening Quote: Tesco; Premier Foods jilted; FCA on IPOs,0.0
842,Investor Woodford calls for outsider to head GlaxoSmithKline,0.14
843,Randgold Resources third quarter profit slips despite record production,-0.39
844,News FeedFTSE 100 movers: LSE surges as ICE says mulling offer; Ashtead and Barclays tank,-0.719
845,"Goldman Sachs, Barclays, HSBC downplay Brexit threat",-0.14
846,UPDATE 1-UK to start selling remaining Royal Mail shares,-0.278
847,Companies Thetrainline.com announces arrival of London IPO,0.245
848,Hargreaves weathers torrid ISA season and Brexit fears,-0.6000000000000001
849,PRESS: UK Government Would Oppose Any BP Takeover - FT,-0.077
850,"Britain's FTSE gains, Land Securities up after dividend hike",0.549
851,AstraZeneca's MedImmune Inks Licensing Deal With Omnis Pharmaceuticals,0.25
852,What It Takes for Royal Dutch Shell to Break Even,0.0
853,Industry NewsPetrofac secures $250m North Sea contract,0.581
854,"Lloyds Will Cut 640 Jobs, Close 23 Branches as Part of 2014 Plan",0.28700000000000003
855,Royal Mail turnaround proving expensive in tough UK market,-0.057
856,IHG agrees $938 sale of InterContinental Hong Kong,0.28500000000000003
857,Barclays Said to Shrink Bonus Pool to Less Than 2 Billion Pounds,0.231
858,Shire Offers to Buy Baxalta for $30 Billion,0.302
859,Crown Castle buys Tower Development Corp for $461 million,0.366
860,LONDON MORNING BRIEFING: HSBC And Standard Chartered Shares Rise,0.556
861,Norway's sovereign wealth fund says backed Shell CEO's pay,0.191
862,MarketsProperty stocks under pressure after Standard Life fund move,-0.31
863,UPDATE 5-SABMiller rejects AB InBev's $104 bln takeover approach,-0.34
864,BP's fine for 2010 oil spill capped at $13.7 billion,-0.896
865,Oilfield services firm Petrofac's debt shoots up 50 per cent,-0.72
866,Eli Lilly & Co. (LLY) Has Broken Out To A New High On AstraZeneca Collaboration,0.516
867,FTSE 100 movers: BG Group leads the charge as resource stocks jump,0.642
868,Spain's CaixaBank Expects To Close Deal For Banco BPI,0.277
869,Royal Mail share price: Postal service issues trading update,-0.111
870,Barclays Said to Cut 150 at Investment Bank as McCormick Departs,-0.492
871,Glencore fight back over debt fears lifts shares,0.278
872,SAB's Chairman Digs In With Board Divided on InBev Offer,0.04
873,Britain facing winter of blackouts as National Grid warns of tightest power ...,-0.251
874,AB InBev approaches SABMiller to explore $250bn tie-up,0.23700000000000002
875,Barclays launches first 100% mortgages since crisis,0.198
876,Germanwings disaster will not affect image of budget air travel - easyJet,0.096
877,"Nine banks including Barclays, Citi, agree to pay $2 billion to settle forex ...",-0.661
878,"After Barclays and Bank of America, Citigroup has blockchain in sight",0.178
879,Early victory for new CEO as Morrisons beats forecasts,0.753
880,Barclays said to be cutting 150 investment bank jobs,-0.456
881,Shell challenges Exxon dominance with 47 billion-pound bid for BG,0.078
882,"Should You Buy Jumbo Yielders British American Tobacco plc, Centrica PLC & John Wood Group PLC?",0.099
883,London Stock Exchange seals Â£22 billion merger with Germany's Deutsche BÃ¶rse,0.327
884,Unilever Finds Growth More Elusive as Sales Meet Estimates,0.41300000000000003
885,Primark racks up a happy Christmas after strong sales,0.704
886,New York says Barclays not cooperating in 'dark pool' probe,-0.599
887,"FDA approves NPS drug, in move validating Shire takeover deal",0.332
888,Royal Mail share price edges lower as group raises stamp price,-0.269
889,Sainsbury's and Glencore give FTSE a three-digit lift - London Report,0.719
890,Tesco share price dips as Blinkbox Books closes ending supermarket's digital ...,-0.389
891,Tata Steel working with StanChart for UK unit sale - source,0.218
892,Diageo offloads major wine interests,-0.384
893,Glencore Agrees to Sell Minority Stake in Agriculture Business,0.264
894,Diageo sells wine businesses for 320m pounds,0.323
895,Breakingviews: IAG can pay more for Aer Lingus,0.12
896,UPDATE 1-UK government would oppose any takeover of BP -FT,-0.085
897,Australian mining slowdown hits Aggreko,-0.439
898,The sustainability of Royal Dutch Shell's dividend,0.0
899,CompaniesCoutts raids JPMorgan Chase for new CEO,0.0
900,Easyjet traffic hit by air traffic controller strikes and terrorism,-0.324
901,Dixons Carphone says cyber attack may have exposed customers' data,-0.6890000000000001
902,Stars aligned' for AB InBev's megabrew merger plan,0.256
903,AstraZeneca's Good Deal Turns Bad,-0.51
904,Tesco share price dips as Blinkbox Books closes ending supermarket's digital ...,-0.357
905,"Aldi and Lidl expansion plans speed ahead as Tesco, Sainsbury's, Morrisons ...",0.456
906,Primark plots expansion in US and Europe,0.326
907,BP shares tumble after $2.2bn fourth-quarter loss,-0.927
908,Is Trouble Brewing At Legal & General Group Plc And Aviva plc?,-0.268
909,Berkshire Hathaway's 4Q profit declines 17 percent,-0.724
910,Ex-Barclays traders sentenced to up to six years' jail in Libor case,-0.805
911,BP slashes capital spending by 20%,-0.462
912,Shell's profits hit by further slide in oil prices,-0.75
913,The Coca-Cola Company and Coca-Cola FEMSA to Acquire AdeS Soy-Based Beverage Business From Unilever,0.259
914,Stars aligned' for AB InBev's megabrew merger plan,0.292
915,Tesco sells half of stake in ecommerce site Lazada to Alibaba for Â£90m,0.365
916,Lloyds is cutting more than 600 jobs and shutting 21 branches,-0.29
917,Can BP Restore Its Lost Luster?,-0.306
918,"Britain's FTSE steadies below record high, BHP gains",0.512
919,"Insight - Britain's bank tax jump threatens to push HSBC, StanChart to new home",-0.214
920,"Can Standard Chartered PLC, BP plc & Burberry Group plc Keep Charging?",0.0
921,Tesco Versus Sainsbury: Weight-Watcher vs. Bodybuilder,0.213
922,Stakes High for AstraZeneca Heart Drug Facing Tough Competition,-0.24
923,UPDATE 1-Cypress Semiconductor offers to buy Integrated Silicon Solution,0.461
924,Breakingviews: IAG can pay more for Aer Lingus,0.332
925,InterContinental Hotels denies exploring sale or merger,0.0
926,Peroni and Grolsch put up for sale as AB InBev plans acquisition of SABMiller,0.307
927,Hargreaves Lansdown says first-quarter assets hit by stock market flux,-0.392
928,Aviva Expects 1500 Jobs Cuts from Friends Life Deal,0.2
929,CompaniesThiam received Â£5m pay packet for final months at Prudential,-0.07100000000000001
930,"UPDATE 1-BHP Billiton's credit ratings fragile in FY16, agencies warn",-0.338
931,Royal Dutch Shell Posts Rise in Earnings Despite Lower Oil Prices,0.323
932,Shell to Go Ahead With Petrochemical Plant in Pennsylvania,0.335
933,AB InBev approaches SABMiller to explore $250bn tie-up,0.20600000000000002
934,Sugar tax spurs Pepsi owner Britvic to change drinks recipes by 2020,-0.047
935,Barclays poaches new chief operating officer Paul Compton from JP Morgan Chase,-0.092
936,CompaniesPhilips transfers $900m of pension obligations,0.375
937,Barclays in $13.75 million US settlement over mutual funds,-0.5740000000000001
938,Standard Life stands tall amid pension reform,0.371
939,AstraZeneca to Pay Inovio Up to $700 Million for Cancer Drug,0.33
940,Shire to buy NPS for $5.2 billion to boost rare disease drugs,0.296
941,Shell profit rises as company resist oil slump,0.558
942,FTSE ends higher; 3i Group leads after strong earnings,0.47400000000000003
943,"FTSE falls to 3-month low on Greek debt concerns, easyJet skids",-0.41400000000000003
944,Companies Severn Trent expects costs hit from inflation,-0.353
945,Glencore blames rivals for creating metals glut,-0.331
946,U.K. Shares Extend Rebound for Second Day as EasyJet Surges,0.28300000000000003
947,PRESS: Pearson Set To Announce Sale Of Financial Times - Reuters,0.012
948,Tesco shares jump 6% after Christmas sales beat expectations,0.8140000000000001
949,"CompaniesNew Aggreko CEO to reshape business, strip costs",0.177
950,Verizon and AT&T accused of hurting rivals,-0.446
951,Exclusive - Britain targets sale of half its RBS stake in two years: sources,-0.298
952,U.S. Debt Lures Schroders as ECB Depresses Rates,0.048
953,"Saudi Aramco, Shell plan to break up Motiva, divide up assets",0.31
954,InterContinental Hotels Denies Reports of Starwood Merger Talks,-0.078
955,Standard Chartered faces fresh claims of Iran sanctions violations,-0.51
956,Shire in talks with Baxalta shareholders,0.149
957,"SSE to Shut Coal-Fired Plant Amid Shift to Gas, Renewable Energy",0.056
958,Sharm el Sheikh: EasyJet axes all flights to Egypt's leading holiday resort,-0.272
959,"UPDATE 1-Norway's Statoil shakes up top management, replaces CFO",-0.116
960,Relief for Lewis as Tesco sees sales grow for first time in a year,0.42
961,Clydesdale and Yorkshire moves closer to independence,0.299
962,"European stocks hover near 3-week low, Dialog and BHP slump",-0.584
963,Dave Lewis admits long road ahead for Tesco recovery,-0.226
964,Tesco leads FTSE higher on Clubcard bid reports,0.453
965,Why I'd Buy ARM Holdings plc And BHP Billiton plc Today,0.209
966,Admiral Group posts decline in 2014 earnings,-0.594
967,"Britain's FTSE bounces back, Mondi and Barratt lead",0.552
968,UPDATE 3-Barclays sells Italian branches to Mediobanca at a loss,0.328
969,Morrisons finance chief to fill gap as CEO leaves early,-0.114
970,Sophos aims to raise $100m in London IPO,0.214
971,UK chip designer ARM hits a high after iPhone 6 boost,0.601
972,Wolseley share price: Group updates on quarterly performance,0.0
973,Rio Tinto announces long-delayed expansion of Mongolia mine,0.322
974,Shire rises as dry eye treatment sails through trial,0.465
975,Doubts grow over GlaxoSmithKline's $6 bln capital return plan,-0.221
976,Aviva weighs cash handout after beating profit forecast,0.377
977,Shropshire and Mid Wales trains to be hit again in new strike by Arriva drivers,-0.553
978,Greene King's third quarter sales boosted by festive season,0.363
979,Big account wins keep ad group WPP at front of pack,0.357
980,Worldpay readies for Â£6bn London float,0.162
981,"CEOs of BPM, UBI meet Italy econ minister as M&A talk heats up",0.116
982,"Should You Buy Jumbo Yielders British American Tobacco plc, Centrica PLC & John Wood Group PLC?",0.1
983,Dyson Wants to Create a Hair Dryer Revolution,0.299
984,Royal Dutch Shell to Buy BG Group for Nearly $70 Billion,0.37
985,"EXCLUSIVE-BP, China's CNPC to unveil oil alliance - sources",0.318
986,CORRECTED-Shire to buy Dyax for about $5.9 bln,0.62
987,BP set to cut hundreds of jobs at North Sea operations,-0.667
988,BP's head of exploration Richard Herbert departs,-0.149
989,"UPDATE 1-Nomura, RBS must pay $806 mln in mortgage bond case-US judge",-0.739
990,BRIEF-Legal & General's retirement business books 4 billion stg H1 sales,0.252
991,CompaniesRoyal Mail swerves new pricing regulations,-0.052000000000000005
992,JC Penney Cuts Pension Plan Obligation,0.075
993,Domino's Pizza worker sacked after crude slur aimed at customer on order screen,-0.275
994,"UPDATE 2-AB InBev launches SAB bid, to sell MillerCoors stake",-0.11900000000000001
995,Sales boost for new Morrisons chief David Potts as Tesco turnaround stalls,0.362
996,France raises concerns over proposed LSE-Deutsche Boerse deal,-0.271
997,Genel Shares Plunge After Tony Hayward's Oil Explorer Cuts Crude Reserves at Core Field,-0.734
998,LSE-Deutsche Boerse merger would signal end to exchange mega-deals,0.08600000000000001
999,Sports Direct boss Mike Ashley summoned to Westminster for questioning over the treatment of workers,-0.317
1000,Diageo receives reports from United Spirits on financial irregularities involving ...,-0.255
1001,Industry NewsWood Group wins multi-million dollar contract with BP,0.588
1002,"Centrica extends gas deals with Gazprom, Statoil",0.164
1003,Legal & General arm buys 50 pct stake in MediaCityUK in Manchester,0.379
1004,Sainsbury's pressed to raise bid for Home Retail Group,0.385
1005,"Buffett's Berkshire builds Deere stake, dumps Exxon",-0.548
1006,"Aldi and Lidl expansion plans speed ahead as Tesco, Sainsbury's, Morrisons ...",0.367
1007,Analysis - Copper market may get a 2003-style supply shock from Glencore closures,-0.605
1008,Tesco share price: Korean currency slide may hit Homeplus sale plans,-0.367
1009,AstraZeneca cancer drug may not be so fast getting to market,-0.393
1010,Tullow Oil Suspends Dividend Amid Oil Price Fall,-0.498
1011,UPDATE 3-Barclays sells Italian branches to Mediobanca at a loss,-0.637
1012,Diageo Shares Surge on Report of Possible Takeover by Lemann,0.41500000000000004
1013,"Aviva, Friends Life top forecasts ahead of 5.6 billion pound merger",0.189
1014,Friends Life lifts profits 38% and hikes divi ahead of proposed Aviva takeover,0.387
1015,Centrica suffers protest from shareholders over pay,-0.41100000000000003
1016,Google Fiber to buy Webpass for big city Internet service,0.329
1017,Is It Worth Investing In Tesco PLC And Prudential plc Now?,0.181
1018,2 Turnaround Buys For 2016? BHP Billiton plc And Home Retail Group Plc,0.492
1019,Halfords appoints Jonny Mason as new CFO,0.0
1020,UPDATE 5-Buffett pays high price for Precision Castparts,0.21
1021,Experian says receives class actions related to T-Mobile breach,-0.6980000000000001
1022,Market Report: Aviva tops the market as traders approve of its choice of Friends,0.601
1023,IAG closes in on Aer Lingus with increased offer,0.596
1024,GKN to buy Fokker Technologies for 706 mln euros,0.295
1025,UPDATE 1-Shire steps up drive to get Baxalta talking after $30 bln bid,0.275
1026,Pearson in Talks to Sell Its Stake in the Economist Group,0.43
1027,CompaniesTesco sheds Harris & Hoole coffee shops,0.30000000000000004
1028,REFILE-BP agrees UK gas pipeline stake sale to infrastructur,0.268
1029,"BHP Billiton slashes dividend, posts $5.67 billion net loss",-0.341
1030,"StanChart capital raising would be ""major surprise"" -investor Aberdeen",0.044
1031,Why I Would Put J Sainsbury plc In My Trolley Before Wm Morrison Supermarkets ...,-0.579
1032,Glaxo Sees Hope for Respiratory Drugs as Earnings Beat Estimates,0.534
1033,Peroni and Grolsch put up for sale as AB InBev plans acquisition of SABMiller,0.551
1034,BRIEF-Aviva aims to increase dividend pay-out ratio to 50 pct in 2017,0.439
1035,Direct Line rings up higher profit,0.482
1036,Jim Armitage: Barclays boss Jes Staley steps up to the plate with post-Leave positivity,0.183
1037,AstraZeneca sells rights to anaesthetics to South Africa's Aspen,0.325
1038,GE to Sell Majority Stake in Bank BPH's Core Bank to Alior Bank,0.211
1039,StanChart and RBS struggle in Bank of England stress tests,-0.738
1040,Antofagasta Sees Lower Cash Costs In 2015 - Quick Facts,0.291
1041,NPS prospects dependent on drug approval,0.0
1042,Priceline's stock jumps to new high for the year after Barclays upgrade,0.847
1043,Tesco leads leap in FTSE 100; Marks & Spencer drops,0.389
1044,Tesco UK personnel director quits supermarket,-0.223
1045,Royal Bank of Scotland fortunes ebbed and flowed under 3 chiefs,0.0
1046,Exxon Beaumont CDU overhaul to be slowed by accident: sources,-0.368
1047,TalkTalk hires BAE Systems to investigate cyber attack,-0.113
1048,Valeant Said to Name New CEO With Pearson Still Hospitalized,0.015
1049,ITV to pursue takeover of Canada's Entertainment One: Bloomberg,0.28200000000000003
1050,Barclays appoints JPMorgan's Paul Compton as new COO,-0.014
1051,Rio Approves $5.3 Billion Oyu Tolgoi Copper Mine Expansion,0.445
1052,Weir Group sees continued fall in orders from oil and gas business,-0.382
1053,New BG Group CEO Helge Lund Starts Earlier Than Expected,0.043000000000000003
1054,"BHP, Residents Brace as Cyclone Stan Nears Australian Coast",-0.15
1055,Glaxo's ViiV Healthcare Signs China Manufacturing Deal With Desano,0.28400000000000003
1056,"Barclays brands financier Amanda Staveley's $1bn claim as ""misconceived""",-0.47500000000000003
1057,"GlaxoSmithKline rebound gathering pace, says outgoing CEO",0.209
1058,AB InBev to sell more SAB assets as seeks EU deal approval,-0.079
1059,UK government cuts stake in Lloyds to below 11 percent,-0.18
1060,Morrisons store closures: 900 jobs to go as 11 branches are closed due to ...,-0.2
1061,BP chairman defends CEO Bob Dudley's pay increase,0.042
1062,Profits Fall 25% At Standard Chartered PLC: Should You Buy Or Sell?,-0.649
1063,SAB's Chairman Digs In With Board Divided on InBev Offer,0.016
1064,Aviva Fined $27 Million by U.K. Regulator Over Fee Failings,-0.675
1065,"Whitbread Profit Up As Sales Continue To Rise, Looking For New CEO",0.385
1066,Persimmon shares nudge higher as housebuilder sees strong 2014,0.362
1067,UPDATE 1-BG Group's record output limits oil price fallout,0.146
1068,Standard Life share price: Group gets approval to hike stake in India JV,0.336
1069,Tesco Mobile is offering you cash back in exchange for looking at ads,0.111
1070,"Wolseley profit up 18%, warns on revenue growth",0.429
1071,ITV share price: Group mulls takeover of Canada's Entertainment One,0.462
1072,Blueprint Receives FDA Nod To Proceed With Clinical Trials For 2 Drug ...,0.256
1073,SABMiller buys Meantime to quench thirst for craft beer,0.296
1074,"Irish Said Chasing Standard Chartered, RBS as Brexit Vote Nears",0.10200000000000001
1075,"After Barclays and Bank of America, Citigroup has blockchain in sight",0.198
1076,US says HSBC must do more to improve compliance,-0.251
1077,Carnival Corporation and China Merchants Group Sign Memo of Understanding ...,0.11900000000000001
1078,Staley to face challenges at Barclays,-0.219
1079,GSK aims to file up to 20 new drugs for approval by 2020,0.422
1080,British American Tobacco accused of bribing senior politicians to sabotage ...,-0.794
1081,BT finance director Tony Chanmugam to step down,-0.17
1082,AstraZeneca to cut costs but stays silent on M&A talk,0.192
1083,"Buffett's Berkshire builds Deere stake, dumps Exxon",0.031
1084,Barclays Not Convinced by Gains in South African Stocks: Chart,-0.2
1085,5 Years After BP Spill: What's Changed in Offshore Drilling,-0.468
1086,AstraZeneca Explores Potential Deal With Acerta for Cancer Drug,0.372
1087,Tesco sells half of stake in ecommerce site Lazada to Alibaba for Â£90m,0.30000000000000004
1088,"UK sells more of Lloyds bank stake, 12.5 billion pounds raised so far",-0.263
1089,Hargreaves Lansdown share price falls as costs mount - although pensions ...,-0.514
1090,Meggitt agrees to buy US aerospace component firm for $340 million,0.216
1091,TRLPC - CRH backs Lafarge Holcim asset buy with 6.5 bln euro bridge loan,0.333
1092,Bloomberg buys Barclays' benchmarking business,0.275
1093,"Barclays, Deutsche Bank Fight to Lift Profit Just Got Harder",-0.232
1094,Royal Bank of Scotland chair hints Brexit turmoil will delay government sale,-0.358
1095,"Sainsbury's, Asda, Tesco and Morrisons will all cut petrol prices as oil falls ...",-0.259
1096,UPDATE 1-Berkshire applies to boost Wells Fargo stake above 10 pct,0.391
1097,Shire Sees Baxalta Deal Closing as Expected After New Rules,0.274
1098,AstraZeneca heart drug boosted by major clinical trial success,0.5720000000000001
1099,Shire share price under pressure after $32bn Baxalta deal,-0.198
1100,UK WINNERS & LOSERS: Aviva And Friends Life Lead FTSE 100 Gainers,0.502
1101,CompaniesGlencore's annual results beat forecasts,0.792
1102,Warren Buffett's Berkshire Hathaway quarterly profit jumps almost one third,0.667
1103,Pfizer to cut 120 jobs with closure of Cambridge R&D centre,-0.456
1104,Sainsbury's says to outperform rivals in tough market,0.536
1105,Centrica share price: British Gas under fire despite 5% price cut,-0.337
1106,RBI surprises Street; Sensex pares gains after hitting mount 30k,-0.216
1107,"London open: Taylor Wimpey and Ashtead drive markets higher, Barclays falls",-0.657
1108,easyJet leads Britain's FTSE lower as global bond rout resumes,-0.495
1109,AB InBev to Sell SABMiller Stake in China's Snow Beer,-0.045
1110,Merkel's Government Said to Support Deutsche Boerse-LSE Merger,0.358
1111,Tesco share price closes higher as two more directors leave grocer,0.354
1112,Tesco sells half of stake in ecommerce site Lazada to Alibaba for Â£90m,-0.038
1113,UPDATE 5-Barclays Chairman McFarlane axes CEO to speed up strategic change,-0.229
1114,"Berkshire Bought Apple Stake at $99.49 a Share, Filing Shows",0.057
1115,Sainsbury CFO Rogers to Replace Home Retail CEO Walden,0.0
1116,UPDATE 1-Lloyds to cut 945 jobs as part of 3-year restructuring plan,-0.266
1117,Copper Prices up on Glencore Cuts to Zinc Supply,0.541
1118,WPP's Sir Martin Sorrell is highest-paid FTSE 100 chief executive,0.109
1119,Meggitt plc Crashes 20% On Profit Warning: Is It Now A Buy?,-0.775
1120,UK government cuts stake in Lloyds to below 11 pct,-0.596
1121,Passengers rise at EasyJet and Aer Lingus,0.329
1122,"Sharm el-Sheikh travel disruption: British Airways, EasyJet, Thomson and ...",-0.6000000000000001
1123,"US STOCKS-Wall St rises on Berkshire deal, China stimulus hopes",0.41200000000000003
1124,Prudential Financial quarterly profit rises 64 pct,0.9500000000000001
1125,US Seeks Huawei Records on Dealings With Sanctioned Nations,-0.388
1126,Centrica urges policy overhaul as it warns of 'looming gap' in UK energy supplies,-0.17200000000000001
1127,UPDATE 1-AstraZeneca potassium drug delayed by manufacturing snag,-0.28400000000000003
1128,Activist Fund TCI Backs German Takeover of London Stock Exchange,0.34900000000000003
1129,"Oil majors like Royal Dutch Shell, Chevron, BP fail to find reserves to counter ...",-0.402
1130,Four ex-Barclays bankers sentenced for roles in Libor rate-rigging scandal,-0.539
1131,AB InBev to sell more SAB assets as seeks EU deal approval,0.193
1132,Berkshire applies to boost Wells Fargo stake above 10 percent,0.225
1133,Tesco leads leap in FTSE 100; Marks & Spencer drops,-0.34700000000000003
1134,Balfour Beatty plc Set To Reinstate Dividend (And Rival National Grid plc And Centrica PLC Once More?),0.41300000000000003
1135,"UPDATE: CIB, Legal & General Sell Egyptian Life Joint Venture To AXA",0.148
1136,BG Group appoints new CEO one month early,0.069
1137,"FDA panel backs Glaxo asthma drug for adults, not adolescents",0.305
1138,Barclays set to name former JPMorgan banker Staley as new CEO,0.0
1139,Kingfisher share price slides on cost to implement new strategy,-0.786
1140,"CompaniesTravis Perkins lifts dividend, earnings rise 15%",0.494
1141,Standard Chartered Shifts Emerging-Markets Strategy After Losses,-0.461
